id;price
1;109.0372796
2;262.5246522
3;187.0072583
4;283.1746476
5;143.8715817
6;61.50899135
7;48.6373091
8;12.38946479
9;151.5954472
10;75.62152103
11;147.0294047
12;244.1856527
13;17.86427032
14;215.537283
15;38.35997063
16;204.1825486
17;165.8514289
18;30.30144506
19;243.1724911
20;287.4932856
21;180.2344257
22;99.79911842
23;161.7688908
24;18.64987672
25;244.9119836
26;141.4988254
27;50.00303731
28;80.48182457
29;98.91531394
30;220.6282177
31;49.16869151
32;150.1237842
33;18.8434377
34;269.1840299
35;64.31251721
36;296.2155012
37;15.3908317
38;95.22843716
39;296.8244075
40;92.50052419
41;169.2289293
42;106.7990952
43;49.10199817
44;122.9556986
45;254.4952606
46;47.59652592
47;115.3627815
48;87.97994846
49;135.0230413
50;192.1491355
51;134.9052939
52;216.2910463
53;271.6144999
54;14.4949198
55;268.6758682
56;121.7750468
57;241.6216391
58;261.5460574
59;63.5130358
60;254.0755771
61;101.4887352
62;176.0919174
63;273.2303409
64;84.88856949
65;264.0746652
66;130.3484426
67;17.34276379
68;78.93257699
69;188.0219256
70;225.0198237
71;200.7248208
72;66.24555967
73;15.49738786
74;206.8212547
75;89.18615989
76;72.35772704
77;196.379322
78;93.69836738
79;271.162282
80;247.8596071
81;277.9324821
82;285.6616405
83;126.850211
84;36.47040894
85;16.31507197
86;178.4576742
87;26.04525746
88;88.47561284
89;247.8395255
90;104.742308
91;99.11707917
92;180.3535589
93;142.090116
94;235.9669749
95;139.4507994
96;127.3925734
97;107.8624451
98;114.6709254
99;8.608441014
100;18.85827433
101;214.9321807
102;40.3199327
103;182.8545499
104;44.11611704
105;28.68694329
106;27.63036397
107;284.4290554
108;53.72799274
109;93.68075684
110;77.00624357
111;160.3401593
112;18.71038619
113;206.0421068
114;280.7741315
115;265.9765808
116;16.51163899
117;290.4095461
118;190.3291917
119;218.2505083
120;123.1834427
121;214.3503174
122;57.54786356
123;59.87926423
124;110.9463132
125;64.46710142
126;180.2628702
127;30.51584181
128;54.90193651
129;251.3752831
130;236.0529879
131;105.9834816
132;182.343699
133;144.8091344
134;297.9496406
135;194.2716338
136;158.543126
137;275.8719167
138;201.7749657
139;268.3748402
140;204.0785754
141;155.0680648
142;193.9063244
143;172.283041
144;46.55435299
145;208.3596969
146;278.5230886
147;134.1895098
148;248.8921382
149;265.3745759
150;136.0925777
151;237.1592416
152;168.9447684
153;146.8886849
154;140.3400576
155;8.667301583
156;67.01185633
157;117.7242458
158;56.23964364
159;295.9391812
160;259.0397505
161;92.82627714
162;236.2472888
163;135.2701794
164;294.2580699
165;84.58145758
166;124.7464543
167;218.4318041
168;89.01176826
169;244.4717106
170;238.4560967
171;109.6264717
172;163.9573856
173;48.45811847
174;9.144974191
175;106.6192039
176;206.3635063
177;104.052369
178;2.448211506
179;269.623685
180;186.9035775
181;70.74105982
182;128.9497508
183;297.0405639
184;17.30622156
185;121.2898903
186;131.6237779
187;280.9706506
188;192.7758756
189;136.3415564
190;16.30104965
191;6.903795238
192;162.6066945
193;282.5021066
194;63.21802404
195;86.53219266
196;7.638645405
197;117.854172
198;74.67047228
199;267.3988136
200;33.4533981
201;63.64156782
202;189.0392091
203;109.0138357
204;60.84957659
205;259.5112157
206;19.48524858
207;186.2356283
208;125.4772126
209;186.5898295
210;158.8172773
211;132.7746811
212;276.9621962
213;59.12858208
214;78.87073418
215;120.8428757
216;141.0298622
217;213.0821204
218;125.396156
219;256.1537305
220;251.3477985
221;175.209725
222;29.45043264
223;154.8076505
224;289.1049353
225;8.470995351
226;44.5579739
227;13.45341602
228;50.55321552
229;282.3634971
230;52.28399767
231;205.4899695
232;121.1711016
233;250.2880742
234;101.8881123
235;219.3845088
236;0.30019336
237;66.55747014
238;111.293282
239;80.57756789
240;187.6315408
241;194.7926312
242;22.73764686
243;168.3334975
244;216.1870446
245;132.918526
246;210.3960863
247;174.6983567
248;278.6080181
249;248.1228234
250;147.4274074
251;102.7977472
252;275.4008364
253;62.31681444
254;85.87388958
255;253.4674787
256;61.19716522
257;41.49264584
258;70.49794436
259;155.4854533
260;185.451601
261;228.0025997
262;229.6628876
263;59.52753518
264;122.7131699
265;148.2010516
266;122.1440452
267;130.8435662
268;162.6152534
269;236.5957164
270;245.1757228
271;174.6922346
272;183.8363212
273;16.12083718
274;223.2774175
275;220.4122322
276;85.78279752
277;253.4556183
278;59.68320226
279;116.9634653
280;38.99584409
281;249.9213404
282;73.38808729
283;38.22288302
284;162.2802619
285;159.3794328
286;186.1602427
287;161.2338436
288;170.2123273
289;290.2581556
290;219.5888255
291;210.7841859
292;210.6602899
293;275.6331763
294;248.9840417
295;80.68353707
296;163.8009002
297;63.92800482
298;239.2396683
299;227.2506352
300;154.1341836
301;246.0040722
302;34.80089308
303;197.7020395
304;227.4255915
305;92.88318049
306;264.8326094
307;6.313985183
308;47.74032516
309;38.26768696
310;162.0594322
311;51.92414009
312;42.43333392
313;170.9498248
314;107.6915718
315;87.18004191
316;214.3895725
317;190.520018
318;249.7287913
319;87.64996993
320;31.73842034
321;107.6625992
322;61.6954542
323;268.2800094
324;136.207813
325;54.29639714
326;96.25442517
327;124.929208
328;216.6056429
329;145.4342467
330;277.6656815
331;255.2153532
332;108.6205222
333;296.5003089
334;279.9371174
335;270.8972241
336;173.0242833
337;86.51917139
338;146.1515578
339;137.9824935
340;16.83003044
341;213.5423984
342;195.9630799
343;270.7947288
344;258.5062773
345;184.425152
346;224.5361417
347;124.6694495
348;196.3598959
349;10.44317525
350;159.9519731
351;150.9122679
352;247.5606457
353;217.3328585
354;175.3022184
355;16.25913962
356;3.856762052
357;298.7423281
358;128.0814967
359;256.052876
360;157.9636169
361;245.2433072
362;244.5914982
363;299.604007
364;66.32311808
365;223.4965981
366;229.487331
367;23.09927229
368;154.6805826
369;63.38787527
370;132.7329536
371;255.9581577
372;290.5944806
373;242.56454
374;76.09246622
375;167.9698314
376;46.08147123
377;64.36052627
378;19.18945036
379;17.34021424
380;291.4292653
381;40.65328581
382;282.4817647
383;95.66568525
384;103.2235913
385;183.096436
386;192.1441514
387;286.1692336
388;124.219007
389;183.9944858
390;205.5899257
391;286.2681619
392;141.9076294
393;94.22658657
394;238.0161589
395;48.88381678
396;14.94777896
397;223.0761309
398;17.98090899
399;23.68465648
400;235.5824596
401;74.40865878
402;298.1278773
403;67.72888616
404;21.92761435
405;42.35003061
406;116.3664242
407;291.5968901
408;147.0670556
409;167.3609673
410;260.8409357
411;104.4106535
412;130.2202511
413;8.711600244
414;144.5450063
415;55.94822858
416;81.5436983
417;297.8661824
418;258.7910904
419;149.3096363
420;246.5934196
421;299.5252351
422;86.08285036
423;37.4218087
424;52.86340979
425;172.1967218
426;44.51322087
427;51.04878875
428;101.161794
429;290.4227547
430;181.4895479
431;61.60059465
432;181.7603749
433;29.28680092
434;232.1441336
435;272.0840276
436;212.1733632
437;223.9911858
438;156.3675778
439;31.19720611
440;6.095911005
441;161.2752287
442;135.042355
443;200.3923528
444;79.80353707
445;244.4064115
446;27.92322882
447;167.5688585
448;40.12200004
449;15.74238645
450;121.0784096
451;36.97352302
452;145.8418308
453;2.900394487
454;251.8510287
455;188.878111
456;276.6512157
457;10.00480704
458;179.6158086
459;222.6952076
460;60.12919733
461;178.7453853
462;245.3184012
463;137.015971
464;227.0047204
465;176.4533023
466;249.864376
467;135.8550959
468;289.2653637
469;261.8481216
470;53.80589508
471;139.8477827
472;11.55550873
473;261.6193407
474;87.74932378
475;236.6035296
476;228.7494578
477;116.6435954
478;237.5160783
479;111.5883392
480;172.3062642
481;31.41542458
482;44.1176993
483;127.0135122
484;236.2180763
485;158.3239538
486;220.4688874
487;255.8491608
488;265.1702577
489;239.9469797
490;72.15833791
491;238.9238728
492;27.5070475
493;2.408526397
494;168.373362
495;211.8975891
496;169.3550529
497;94.66629008
498;17.41061969
499;153.0146174
500;255.7149801
501;249.4925261
502;201.9997518
503;106.5992164
504;66.72879991
505;237.7720748
506;88.7427826
507;11.36458787
508;250.2314702
509;224.7115849
510;7.220543464
511;216.2305109
512;11.83791299
513;285.8508169
514;70.08655795
515;57.71259736
516;265.5941732
517;138.8559857
518;207.3305606
519;130.5591612
520;177.7124355
521;45.11902986
522;12.89573538
523;242.8437386
524;4.624370641
525;291.5212704
526;58.42698092
527;25.51886602
528;147.6903791
529;102.9874282
530;140.719389
531;100.4711011
532;263.5511899
533;115.3628316
534;190.2857937
535;168.7344269
536;260.5821259
537;205.0424222
538;251.5393163
539;221.0320214
540;182.3938507
541;22.25760841
542;130.6787559
543;202.2296492
544;80.73869922
545;134.0405497
546;226.8917134
547;187.5777824
548;99.18946135
549;118.4556824
550;234.1382368
551;225.7678307
552;116.6229213
553;234.0837103
554;233.787281
555;259.1615163
556;132.5843724
557;287.0092393
558;140.3125662
559;186.004365
560;128.4038652
561;278.473292
562;228.1780449
563;201.9577223
564;260.086074
565;276.8951661
566;220.5202145
567;270.3604905
568;247.6926552
569;136.4907152
570;260.1217048
571;55.220858
572;122.6292673
573;8.634621797
574;266.6472363
575;160.9401531
576;271.1221772
577;295.80399
578;146.2329234
579;7.999586638
580;128.5133967
581;19.64948762
582;56.04829693
583;74.1148732
584;85.95341522
585;74.29698857
586;228.8808044
587;2.668016258
588;205.5258599
589;272.9947016
590;71.25953585
591;99.9830512
592;60.75152093
593;123.5356854
594;26.67738087
595;265.0690245
596;268.7529259
597;164.807737
598;145.0996084
599;21.30617961
600;215.1732624
601;148.9167449
602;44.61653265
603;114.4025946
604;198.305836
605;146.0813867
606;58.25361228
607;13.06034675
608;215.2971497
609;189.1902467
610;142.7933784
611;175.2561835
612;257.9026846
613;55.75051528
614;20.74710164
615;263.0063735
616;81.07265035
617;212.6489366
618;252.2896877
619;142.1224476
620;244.2496518
621;219.6697621
622;110.5922776
623;202.2032766
624;103.6304844
625;232.9586528
626;85.83249893
627;292.4101672
628;267.5668047
629;80.92148227
630;75.70611538
631;155.4855824
632;20.74948998
633;42.0237226
634;113.4241367
635;215.4765291
636;280.9707751
637;36.28177824
638;77.17375689
639;169.5800524
640;246.0147811
641;14.97387711
642;171.6037468
643;9.161919917
644;272.9878419
645;22.06905227
646;130.7526411
647;61.15255402
648;127.4296829
649;166.2127571
650;110.6025674
651;2.033803094
652;245.1409137
653;200.3253003
654;44.45087327
655;86.68368261
656;289.7922876
657;179.3599432
658;219.6090619
659;39.14509514
660;163.1533708
661;188.9376293
662;233.2257703
663;169.6238126
664;117.6222818
665;93.10220462
666;17.32317763
667;81.45143196
668;37.44740126
669;6.450115409
670;121.9757295
671;196.371178
672;39.44032807
673;262.2720982
674;41.42900813
675;162.7919652
676;83.2794627
677;74.9443794
678;32.10622464
679;87.15157534
680;26.0816515
681;246.885328
682;227.6139565
683;140.4516807
684;60.11999568
685;4.597577836
686;237.8259111
687;227.4705054
688;174.9671222
689;81.43216331
690;51.45914813
691;186.1692976
692;230.8455603
693;153.7056177
694;190.3976967
695;13.52272289
696;169.7231774
697;299.1846576
698;72.23090551
699;116.9434704
700;268.2158202
701;45.61401189
702;113.7675985
703;214.0692547
704;240.3518353
705;96.58849728
706;241.5103666
707;18.9820537
708;128.9224193
709;79.96034999
710;240.7557103
711;158.13197
712;197.3438304
713;156.8947774
714;190.5868648
715;70.77282649
716;99.64762699
717;201.2067577
718;245.9720704
719;191.7286603
720;32.13545499
721;90.35267623
722;28.24313981
723;287.3152387
724;127.4434204
725;194.0146142
726;52.96715715
727;153.6378606
728;16.16466094
729;156.4062563
730;65.73844854
731;26.46654614
732;22.81013853
733;116.3037504
734;163.6350438
735;160.7615774
736;17.12739612
737;55.99219306
738;189.3732231
739;183.8510853
740;6.341114311
741;136.8591472
742;237.1228892
743;261.2785989
744;71.86420397
745;150.7929287
746;18.39675475
747;229.9602555
748;89.72241118
749;80.07481776
750;55.20716243
751;237.0515981
752;21.98915208
753;177.0515297
754;93.74886446
755;114.0768801
756;150.4707103
757;108.1302862
758;253.4940966
759;193.1962602
760;186.44926
761;72.46973743
762;9.474332966
763;219.3292641
764;86.76006819
765;233.5123787
766;266.4418808
767;134.5999692
768;225.8993827
769;237.5878966
770;252.8316303
771;250.7173487
772;87.85407145
773;260.1202045
774;260.3821386
775;214.576803
776;273.244834
777;128.0732518
778;15.36006275
779;157.0536374
780;117.9457723
781;227.6123872
782;96.53388242
783;12.35802683
784;123.7719434
785;243.754614
786;8.375005469
787;0.172930056
788;9.303532223
789;44.2075727
790;121.1085131
791;109.5760422
792;1.192317589
793;222.1184712
794;200.530082
795;56.49118553
796;115.9217821
797;199.9901641
798;202.850954
799;190.9497467
800;144.0482779
801;196.1333418
802;71.98489152
803;82.40541955
804;161.7920788
805;96.06536657
806;25.7526185
807;255.6515653
808;297.9637678
809;167.9345937
810;80.72808372
811;32.088137
812;33.65138701
813;14.57035663
814;178.0077151
815;124.4776004
816;55.82247702
817;60.73961436
818;191.5557109
819;296.2379031
820;8.733980598
821;154.5553092
822;257.3034447
823;242.1753175
824;167.3473741
825;179.8138796
826;38.36117241
827;100.039538
828;223.02702
829;27.82578051
830;54.06984636
831;172.7932745
832;171.1870001
833;228.4362989
834;36.77728915
835;175.736522
836;192.7650925
837;20.68179732
838;98.2563019
839;62.12362274
840;216.3613773
841;219.2847921
842;199.0109939
843;90.74580755
844;226.942016
845;175.4205367
846;211.9963589
847;287.6104984
848;185.5276885
849;172.8038862
850;6.650911434
851;129.4088432
852;91.86979408
853;50.92956508
854;182.3514574
855;73.50561371
856;58.0149289
857;268.1107296
858;82.34771286
859;94.22695027
860;75.5044878
861;62.18273963
862;136.5935694
863;120.1573107
864;298.4329596
865;243.5619902
866;66.29706805
867;131.8021648
868;211.2511958
869;232.4465591
870;193.3837703
871;143.6770259
872;80.93405105
873;173.9815833
874;133.078861
875;270.0463735
876;184.9869926
877;24.76246353
878;115.2254767
879;204.3763418
880;264.9241843
881;252.8243925
882;166.4772266
883;247.7336974
884;59.87939535
885;84.84694551
886;169.842186
887;43.63467789
888;98.64511088
889;48.76616516
890;3.975889905
891;74.14070427
892;137.5704052
893;240.5538866
894;6.593436831
895;259.0641083
896;197.0367286
897;132.019847
898;288.2201261
899;277.8925688
900;266.9824165
901;25.25347246
902;203.4085501
903;161.6919893
904;3.421642628
905;276.2723928
906;37.2849008
907;216.5459182
908;8.330686218
909;212.4604653
910;84.45131708
911;84.36432198
912;142.1045999
913;154.7266329
914;100.9771245
915;211.9572214
916;166.4771534
917;229.8802541
918;251.3015313
919;129.4083688
920;68.71986146
921;40.789742
922;278.5839619
923;249.6891636
924;9.02944651
925;89.01612989
926;98.91948453
927;126.4095272
928;201.3569513
929;249.9633227
930;94.71141448
931;38.16867181
932;204.6519742
933;63.21726831
934;105.0355143
935;200.2859627
936;129.1938775
937;138.8235219
938;172.4005071
939;46.20312463
940;193.7106627
941;271.7312051
942;58.75572391
943;50.00288911
944;23.30866391
945;171.7762592
946;170.0373779
947;199.9675868
948;179.2409523
949;157.2561504
950;110.6184773
951;147.4623228
952;289.4506193
953;218.3912477
954;141.3853432
955;264.6461921
956;43.02463642
957;264.2776739
958;157.037661
959;268.3048564
960;260.0251938
961;129.6905747
962;38.28658602
963;206.033049
964;250.4448737
965;147.5234691
966;64.95829168
967;35.8393188
968;96.59177813
969;87.74147719
970;91.27947021
971;202.480179
972;228.7819172
973;111.771676
974;125.7463322
975;153.2979046
976;47.11087611
977;130.2098795
978;95.32864041
979;31.98809588
980;63.47690471
981;259.2479069
982;280.0939625
983;9.919029461
984;74.33697802
985;95.40654703
986;283.6151045
987;229.5348391
988;239.3270019
989;31.94347823
990;113.2646465
991;225.692998
992;2.031104135
993;277.3697463
994;76.1506024
995;94.85835916
996;204.1682559
997;24.81047258
998;11.21869422
999;177.2231931
1000;120.9912746
1001;256.7797683
1002;247.9216008
1003;217.3291894
1004;69.51063989
1005;201.9243212
1006;56.22834208
1007;17.3682627
1008;90.18202643
1009;227.8084055
1010;110.2957815
1011;198.8718148
1012;183.4574709
1013;106.8642447
1014;221.6818866
1015;258.4750606
1016;1.700381981
1017;234.4591462
1018;257.3822364
1019;278.0845555
1020;114.1374846
1021;201.3127312
1022;139.1529653
1023;160.0653283
1024;186.3710791
1025;136.3771883
1026;195.6457444
1027;171.7005786
1028;245.1188545
1029;17.23575522
1030;248.6511491
1031;112.864939
1032;288.6336862
1033;125.0753337
1034;72.61768508
1035;80.29029468
1036;63.31039892
1037;77.70547448
1038;110.6594139
1039;141.4045867
1040;42.65139722
1041;136.872087
1042;63.46936241
1043;82.40041758
1044;257.2743321
1045;88.5400009
1046;291.7468644
1047;222.1874266
1048;149.3887865
1049;206.8754986
1050;250.6964665
1051;292.6990533
1052;287.9552955
1053;180.831631
1054;114.7089769
1055;280.4100163
1056;294.7475785
1057;58.9597613
1058;42.94513178
1059;203.5720488
1060;183.7464281
1061;67.29373426
1062;281.5782073
1063;147.3312091
1064;221.2826742
1065;9.215002796
1066;59.85221516
1067;70.77229473
1068;151.2722054
1069;280.4915031
1070;275.2903899
1071;232.4269005
1072;169.133593
1073;70.53534625
1074;128.3417722
1075;283.9560213
1076;5.190391677
1077;119.2532866
1078;5.109436915
1079;112.1004998
1080;11.8484245
1081;112.1278659
1082;25.11955555
1083;211.7607566
1084;132.8386977
1085;68.2899001
1086;129.9263429
1087;281.9150429
1088;133.0667785
1089;92.89085466
1090;80.10421826
1091;35.50265642
1092;144.6295474
1093;268.2015723
1094;284.7878652
1095;238.5092156
1096;214.7430832
1097;181.4925279
1098;103.566035
1099;38.04520837
1100;161.4920905
1101;7.213924384
1102;125.5987741
1103;183.3412059
1104;175.7266223
1105;262.0761771
1106;203.7064879
1107;61.41199682
1108;83.21400551
1109;121.0262287
1110;153.6843015
1111;82.84050842
1112;160.7558101
1113;296.8770977
1114;179.0765284
1115;197.5206227
1116;103.9471064
1117;98.31428815
1118;157.5607819
1119;211.4631118
1120;262.4684145
1121;2.022629676
1122;18.73685121
1123;195.4269138
1124;146.8767254
1125;33.06002021
1126;45.11195371
1127;83.30399432
1128;15.77614742
1129;258.9911258
1130;172.2623241
1131;1.222785626
1132;54.85043104
1133;161.8777561
1134;251.5286632
1135;298.0263097
1136;65.88481939
1137;298.8441098
1138;145.2878658
1139;216.1059458
1140;265.508941
1141;212.5499029
1142;179.3223831
1143;12.12787062
1144;38.73669424
1145;286.9976999
1146;170.6008497
1147;289.7895229
1148;6.508134318
1149;24.06968535
1150;162.2446536
1151;206.1722608
1152;131.6344164
1153;27.22925751
1154;205.6874435
1155;113.8708478
1156;185.9381153
1157;190.9208537
1158;145.9191083
1159;101.0430239
1160;120.2049171
1161;133.5252112
1162;200.3672862
1163;34.83743898
1164;83.56975561
1165;189.0879891
1166;57.65410519
1167;190.9098505
1168;209.0547279
1169;186.9338147
1170;284.5797617
1171;291.8168626
1172;208.8244196
1173;145.7490845
1174;89.83293965
1175;94.44268301
1176;50.17771223
1177;91.21897341
1178;8.534199297
1179;37.99363448
1180;183.2054624
1181;50.09158495
1182;56.67172554
1183;107.3488526
1184;185.0349065
1185;262.9549238
1186;209.4428949
1187;207.5978717
1188;219.9278374
1189;195.6040529
1190;139.5794685
1191;185.4726548
1192;42.40494173
1193;151.7861439
1194;269.3879781
1195;32.67900048
1196;12.14656879
1197;6.141360759
1198;267.8412836
1199;15.22065754
1200;107.9337756
1201;126.2682507
1202;178.6975286
1203;140.0161562
1204;133.07715
1205;184.7628082
1206;280.4635333
1207;260.5560398
1208;18.12656066
1209;155.3202047
1210;267.4266226
1211;195.7516104
1212;216.8342194
1213;107.1643123
1214;221.7502609
1215;252.8804037
1216;233.7644357
1217;256.095687
1218;192.3558831
1219;82.80534614
1220;229.3728309
1221;110.7953378
1222;81.6727851
1223;277.5810249
1224;273.9739682
1225;103.6948818
1226;133.57882
1227;177.8040248
1228;297.0996264
1229;93.87930236
1230;30.95738552
1231;128.015082
1232;217.6112757
1233;207.0110084
1234;90.15307177
1235;34.24451135
1236;283.0731791
1237;143.4947803
1238;246.8469546
1239;237.286909
1240;61.21337178
1241;144.6443317
1242;10.5968548
1243;22.75658157
1244;277.8276122
1245;35.10336774
1246;234.3444413
1247;149.5214161
1248;31.56743239
1249;286.893067
1250;87.68981426
1251;188.6288002
1252;294.4931849
1253;0.752018957
1254;141.1619398
1255;44.05564643
1256;58.94782805
1257;136.0621187
1258;191.8180665
1259;177.5338015
1260;118.2532241
1261;104.6578216
1262;219.6221064
1263;125.3142956
1264;257.064997
1265;87.68906218
1266;80.41036549
1267;220.8165738
1268;239.3630261
1269;145.7938648
1270;105.5258162
1271;233.9193305
1272;41.27185978
1273;198.3759641
1274;29.86956496
1275;157.7823176
1276;48.40733246
1277;200.2579865
1278;40.37878652
1279;206.5552678
1280;299.595508
1281;144.7441559
1282;279.9313523
1283;94.51742417
1284;219.8801439
1285;130.1252196
1286;223.1724054
1287;176.6268408
1288;223.8073421
1289;32.23346517
1290;49.62966498
1291;215.4342234
1292;53.4257119
1293;105.2054949
1294;46.07679429
1295;248.2859166
1296;41.63209155
1297;239.1806734
1298;8.806478022
1299;2.388986621
1300;148.0744135
1301;161.510241
1302;109.1835791
1303;99.61045296
1304;256.1030698
1305;47.49049225
1306;25.42770724
1307;36.8070627
1308;57.42486685
1309;158.7092651
1310;83.15242904
1311;220.528662
1312;258.8640526
1313;209.4582127
1314;186.8067228
1315;200.2154219
1316;41.18516716
1317;279.0138003
1318;199.247785
1319;114.3557682
1320;262.0437378
1321;250.7989091
1322;52.93529633
1323;142.7259156
1324;222.9114605
1325;34.1693553
1326;193.6091568
1327;258.2181927
1328;179.3703441
1329;219.9757791
1330;71.20559309
1331;246.9395419
1332;98.62126666
1333;196.5458057
1334;28.0414159
1335;79.81066083
1336;21.42151951
1337;18.13293516
1338;195.1759565
1339;107.634949
1340;12.89769275
1341;257.9762038
1342;185.2494938
1343;59.36058847
1344;146.5042
1345;65.38248265
1346;262.1081442
1347;102.8565045
1348;283.1492381
1349;266.4430678
1350;218.5275094
1351;198.8912726
1352;164.159322
1353;126.863237
1354;199.2922136
1355;134.0861345
1356;140.0786431
1357;106.2343157
1358;209.8939181
1359;232.3607759
1360;34.86538887
1361;233.2345956
1362;76.06925903
1363;293.5445425
1364;244.5409595
1365;226.78696
1366;44.25908098
1367;186.583267
1368;239.8842255
1369;225.969486
1370;168.1890685
1371;40.50912655
1372;36.85605931
1373;255.1450177
1374;263.545785
1375;178.2939999
1376;113.6953609
1377;157.7590664
1378;167.4681547
1379;204.6273975
1380;11.01260527
1381;251.9575295
1382;119.0598333
1383;168.5359222
1384;249.0831484
1385;181.1243035
1386;267.9077519
1387;71.79365804
1388;114.2708631
1389;280.1620198
1390;46.35207578
1391;61.756794
1392;99.92305376
1393;94.26105369
1394;239.6347397
1395;39.00781023
1396;272.1400411
1397;283.7765656
1398;140.5502933
1399;289.2606726
1400;3.997445113
1401;253.1142817
1402;121.417536
1403;78.81410568
1404;292.817983
1405;218.7734947
1406;17.08133565
1407;8.747993771
1408;288.1884269
1409;278.1729299
1410;269.0103495
1411;11.69491035
1412;297.3314003
1413;264.98467
1414;264.8193048
1415;54.4460707
1416;66.64716665
1417;95.58598206
1418;232.505199
1419;201.5142442
1420;73.98622457
1421;160.9482014
1422;123.3370869
1423;103.9286567
1424;143.1372157
1425;78.31057308
1426;249.6006637
1427;3.869209803
1428;34.62084961
1429;71.18403611
1430;255.7125246
1431;275.562885
1432;115.2203169
1433;210.4807879
1434;158.7712643
1435;136.0759177
1436;9.323647262
1437;89.45784699
1438;33.51449337
1439;253.20256
1440;166.2967286
1441;215.3055149
1442;141.1921941
1443;141.0542037
1444;22.37833918
1445;252.1654315
1446;137.2229765
1447;49.99955025
1448;93.24935853
1449;248.4317247
1450;210.3994579
1451;102.1427287
1452;159.4048126
1453;169.3222197
1454;160.4213892
1455;159.5561394
1456;95.74294191
1457;122.9008236
1458;124.1837338
1459;115.4835008
1460;206.3793778
1461;149.7690573
1462;194.8537868
1463;173.0530825
1464;1.366200222
1465;159.0953606
1466;193.4520864
1467;240.8174556
1468;188.2214297
1469;252.7137124
1470;219.5320111
1471;126.6695321
1472;87.74180917
1473;240.6708452
1474;22.97631526
1475;54.02302876
1476;113.6405881
1477;241.9631335
1478;64.00283561
1479;191.044241
1480;169.9221056
1481;102.1788734
1482;99.13220181
1483;277.221375
1484;285.5453065
1485;280.7676032
1486;247.2806899
1487;23.32822158
1488;155.3649927
1489;74.12808307
1490;64.18574136
1491;106.2473392
1492;26.68721252
1493;134.7480083
1494;270.2637016
1495;132.6889381
1496;97.02475645
1497;65.80094229
1498;224.6917837
1499;178.7962602
1500;265.2866914
1501;40.21365447
1502;113.8258857
1503;24.09907887
1504;291.715691
1505;39.10990181
1506;5.998153471
1507;71.83961188
1508;184.314629
1509;79.44358021
1510;249.5073848
1511;150.5623351
1512;257.9254795
1513;199.1027248
1514;269.7331691
1515;64.53490182
1516;232.922679
1517;163.4958412
1518;120.8240102
1519;190.4850752
1520;281.2010935
1521;190.3914018
1522;171.7063904
1523;69.95080058
1524;20.22996482
1525;196.0019512
1526;213.4508658
1527;93.70821741
1528;177.5369542
1529;218.9439696
1530;11.30319991
1531;105.0391223
1532;25.24601464
1533;23.52475039
1534;216.3060305
1535;180.009785
1536;226.8922119
1537;296.9639688
1538;112.1535852
1539;61.97861251
1540;108.5670438
1541;192.6749797
1542;176.8811448
1543;77.99745823
1544;205.5282628
1545;258.3381969
1546;216.6217318
1547;207.5050139
1548;98.03488481
1549;194.1558586
1550;243.6585038
1551;208.5389863
1552;215.3027448
1553;89.62083691
1554;91.68831326
1555;227.6497143
1556;20.03177994
1557;81.77643056
1558;233.6904132
1559;279.0886499
1560;119.9029449
1561;5.041468474
1562;251.1195948
1563;23.19440916
1564;114.306217
1565;134.9550998
1566;139.3268183
1567;97.98733229
1568;151.0133675
1569;15.93710006
1570;205.1698084
1571;161.5347512
1572;241.2911729
1573;273.3206706
1574;55.99921219
1575;176.3832715
1576;56.29751552
1577;10.70092932
1578;164.2349526
1579;283.3434254
1580;82.42854517
1581;63.49315896
1582;193.1528858
1583;145.1617851
1584;91.16472066
1585;90.51351057
1586;151.34255
1587;264.1445291
1588;154.5602915
1589;288.2220857
1590;42.6613963
1591;171.6499461
1592;131.2363431
1593;100.869253
1594;219.3702027
1595;258.864091
1596;174.5402259
1597;39.44159283
1598;49.05124089
1599;84.87613039
1600;299.6697558
1601;54.77661634
1602;233.2112326
1603;114.6587627
1604;143.0680216
1605;100.1416644
1606;35.84139135
1607;104.2529105
1608;130.0368995
1609;287.8512449
1610;220.4715324
1611;268.0940814
1612;3.731188383
1613;151.1694298
1614;202.9421153
1615;148.7636914
1616;186.2739438
1617;135.3374805
1618;161.7867294
1619;177.4675144
1620;189.2640002
1621;1.721334549
1622;56.11399451
1623;277.3116641
1624;296.0404881
1625;54.15138665
1626;280.6140783
1627;234.4755743
1628;52.38933174
1629;167.6916337
1630;216.557277
1631;177.5977319
1632;235.9643853
1633;29.66478775
1634;292.350032
1635;144.0427399
1636;2.04595842
1637;243.1576185
1638;74.4186564
1639;22.83835501
1640;226.3518126
1641;177.8268318
1642;110.1150755
1643;223.7749938
1644;256.8934808
1645;203.444613
1646;282.2103928
1647;115.3415793
1648;231.5902435
1649;90.77833228
1650;257.2125882
1651;174.6749074
1652;55.09426008
1653;10.76162589
1654;254.1989765
1655;17.36455275
1656;164.0094798
1657;210.8359631
1658;191.5740332
1659;0.201983149
1660;138.5852088
1661;203.4597291
1662;49.76932196
1663;75.01050543
1664;57.46719339
1665;217.4986594
1666;123.7356729
1667;194.4500649
1668;146.4381711
1669;100.4466707
1670;70.27347634
1671;189.1471457
1672;223.4033604
1673;35.46449803
1674;75.31803377
1675;30.78269568
1676;104.0226799
1677;147.5406087
1678;111.3375618
1679;224.3202579
1680;62.57524548
1681;32.48419802
1682;221.5414938
1683;223.5738109
1684;9.233781216
1685;22.36013288
1686;23.00435965
1687;189.241167
1688;60.92041242
1689;172.0025631
1690;202.1051001
1691;97.14819318
1692;190.7738661
1693;122.6423047
1694;223.4597055
1695;192.8048838
1696;275.0959548
1697;179.3498945
1698;67.79896598
1699;69.16425394
1700;275.3449131
1701;172.3448064
1702;143.7169829
1703;66.99301038
1704;10.51365519
1705;126.4593975
1706;2.823278649
1707;15.39256238
1708;95.28470547
1709;36.91770874
1710;51.00126609
1711;143.5552728
1712;117.3452788
1713;32.5614648
1714;131.5622718
1715;267.9348767
1716;161.5034811
1717;197.555798
1718;165.072789
1719;65.74618064
1720;70.01378574
1721;82.47716939
1722;21.04160853
1723;3.006714074
1724;232.5105839
1725;233.185948
1726;130.7981427
1727;147.7426209
1728;179.1161889
1729;295.9201301
1730;181.4214635
1731;228.6270302
1732;29.71309581
1733;57.43043383
1734;212.154593
1735;214.1345719
1736;215.1947063
1737;282.8657889
1738;106.933484
1739;145.3813435
1740;262.3881598
1741;53.15386877
1742;64.90524813
1743;145.5035446
1744;184.8991846
1745;202.7372208
1746;104.7538389
1747;238.7179723
1748;244.7235202
1749;175.0951734
1750;39.16860302
1751;25.40406048
1752;52.77346918
1753;178.0049503
1754;193.0499213
1755;123.2452751
1756;70.33757646
1757;43.57827018
1758;87.38375287
1759;111.3321125
1760;140.8417148
1761;7.833256587
1762;153.9495471
1763;169.20748
1764;27.9482433
1765;255.0719539
1766;278.0473862
1767;94.59168045
1768;84.92844506
1769;265.4239044
1770;242.2398351
1771;173.6749744
1772;81.97869791
1773;58.14862167
1774;133.0978234
1775;131.304985
1776;174.3502801
1777;292.3566991
1778;250.6683723
1779;20.42888334
1780;59.14607751
1781;79.75989504
1782;125.1750091
1783;173.047263
1784;181.8642923
1785;232.1272481
1786;162.1457354
1787;2.778963306
1788;260.3533057
1789;75.80152451
1790;198.8826774
1791;133.7376895
1792;248.1671202
1793;212.6344416
1794;31.83653044
1795;267.6104519
1796;113.7266157
1797;30.63225675
1798;64.30241698
1799;68.20899517
1800;151.1248483
1801;155.1753422
1802;103.8750207
1803;216.2386122
1804;158.671907
1805;205.9470679
1806;83.86393913
1807;14.97764765
1808;5.368559531
1809;40.93851843
1810;273.7105102
1811;4.125420062
1812;241.1722903
1813;2.740652384
1814;16.99576752
1815;73.02635244
1816;296.1911546
1817;44.74390554
1818;222.6750233
1819;208.1387304
1820;44.74215676
1821;196.5053864
1822;130.8714857
1823;261.987191
1824;223.4015941
1825;108.1188963
1826;240.1731112
1827;267.3584463
1828;267.9632147
1829;84.13883685
1830;65.37221199
1831;42.28386426
1832;91.72236314
1833;162.8573674
1834;156.01602
1835;145.249561
1836;274.2053068
1837;232.6587409
1838;21.08465589
1839;217.4523578
1840;25.68569152
1841;94.96351689
1842;71.23764254
1843;85.52552465
1844;99.86362817
1845;232.8498468
1846;271.0383076
1847;240.8356277
1848;215.3845208
1849;271.5910657
1850;54.38186781
1851;244.5859383
1852;81.09489321
1853;274.8197698
1854;268.5879662
1855;268.7881735
1856;135.6374011
1857;163.878958
1858;202.4902939
1859;161.0388381
1860;124.9712498
1861;6.484809775
1862;246.697108
1863;208.5530996
1864;259.3830385
1865;187.9539026
1866;213.9916161
1867;187.6252749
1868;100.0426015
1869;159.6726517
1870;91.1361082
1871;26.90727877
1872;63.71404468
1873;34.73125118
1874;171.0744262
1875;77.70351341
1876;250.6563062
1877;297.637541
1878;293.8852818
1879;66.99879269
1880;55.07922627
1881;186.3582011
1882;203.8121255
1883;143.985273
1884;49.91960637
1885;214.0112286
1886;146.2111465
1887;48.43852702
1888;234.2546706
1889;60.98583873
1890;161.6820633
1891;238.4795709
1892;125.4223765
1893;233.640768
1894;61.87167058
1895;21.92731058
1896;217.3051002
1897;63.55278796
1898;156.8519728
1899;279.6326958
1900;140.6433193
1901;77.13213303
1902;238.7704037
1903;267.7774286
1904;141.5385993
1905;138.5530027
1906;66.04292105
1907;6.663633226
1908;45.23615731
1909;95.03663928
1910;253.3697013
1911;258.1885439
1912;231.3068203
1913;261.1845713
1914;142.1819922
1915;220.0635402
1916;217.9218465
1917;99.23442537
1918;198.9239907
1919;287.8875335
1920;68.12635076
1921;63.54785955
1922;200.6133599
1923;101.6992254
1924;257.390255
1925;214.088943
1926;67.50120025
1927;198.9423224
1928;37.73963127
1929;65.6268221
1930;64.05329615
1931;245.781269
1932;99.76367419
1933;295.0335508
1934;277.1465365
1935;196.2126485
1936;48.31608761
1937;193.5562848
1938;159.8162138
1939;201.0388214
1940;91.87832506
1941;218.5021475
1942;141.9342072
1943;101.4445497
1944;143.4471354
1945;146.051617
1946;124.134775
1947;276.262021
1948;110.3643752
1949;143.9317353
1950;299.2061897
1951;157.1902941
1952;209.5560925
1953;130.3975176
1954;270.1762919
1955;134.160087
1956;40.93604411
1957;58.09674651
1958;229.6075076
1959;165.8151203
1960;185.68298
1961;153.5371396
1962;61.54262561
1963;88.31636
1964;152.8254978
1965;20.26841517
1966;94.14865649
1967;263.3208245
1968;178.7307475
1969;175.3799705
1970;89.67955731
1971;162.1291795
1972;96.55651683
1973;81.96303152
1974;262.1823502
1975;198.4636023
1976;242.7875953
1977;247.6735636
1978;7.04924545
1979;209.4032048
1980;200.9909384
1981;261.4827266
1982;82.26081801
1983;93.92499708
1984;174.9471272
1985;253.7561437
1986;182.0834968
1987;222.3863297
1988;138.8536273
1989;72.18387244
1990;32.87198146
1991;299.0664663
1992;188.2365345
1993;239.6097617
1994;167.7043052
1995;146.099654
1996;277.3991414
1997;80.44509225
1998;27.07437101
1999;236.0062255
2000;55.11432356
2001;83.7605898
2002;22.17628787
2003;205.4821276
2004;50.89368202
2005;211.8895153
2006;186.3024158
2007;8.677582919
2008;141.736549
2009;104.3827648
2010;298.8078166
2011;129.2245668
2012;70.62322636
2013;95.99985354
2014;114.4977998
2015;61.18972021
2016;14.33379012
2017;128.7527684
2018;206.497146
2019;162.7416725
2020;120.7048862
2021;108.8445402
2022;2.920350867
2023;160.5594849
2024;26.52817674
2025;234.5114418
2026;257.1654921
2027;93.34235895
2028;81.57088665
2029;83.89976691
2030;154.3902024
2031;54.79013645
2032;254.4003272
2033;190.9267067
2034;46.10846638
2035;201.0054457
2036;283.298036
2037;11.74857746
2038;124.2895414
2039;268.8554923
2040;130.6341776
2041;94.13570816
2042;208.9455945
2043;85.6564279
2044;13.51371324
2045;40.28153032
2046;177.9806383
2047;85.20352705
2048;79.71809543
2049;149.1990641
2050;223.7550096
2051;61.89790399
2052;103.0088877
2053;99.81087945
2054;287.6513196
2055;93.42547175
2056;272.7282713
2057;286.7396248
2058;58.16029636
2059;162.162138
2060;100.0649273
2061;53.8091991
2062;233.3417035
2063;196.769166
2064;79.77912379
2065;89.27507758
2066;282.8557953
2067;4.59663563
2068;179.64091
2069;172.2843157
2070;33.09034021
2071;63.48660679
2072;211.9124877
2073;185.7555896
2074;228.7728018
2075;250.5851489
2076;8.605437261
2077;209.8307087
2078;32.88664817
2079;14.40637134
2080;244.9285527
2081;47.75611763
2082;76.486237
2083;30.25941436
2084;145.124556
2085;111.0537983
2086;271.5746574
2087;56.60874959
2088;79.2121007
2089;291.4164529
2090;154.6825196
2091;96.17771944
2092;176.2335915
2093;9.748399326
2094;78.28943448
2095;72.58665857
2096;190.50167
2097;225.8763413
2098;70.1045987
2099;148.1737112
2100;263.2804286
2101;138.6305071
2102;118.7103255
2103;84.66164962
2104;152.8077453
2105;151.4916774
2106;157.0707889
2107;30.40333692
2108;11.76405518
2109;160.4543884
2110;142.5385656
2111;77.56219828
2112;180.1897032
2113;261.4254097
2114;284.2213808
2115;46.302484
2116;122.3589149
2117;8.083382542
2118;39.92037881
2119;163.227608
2120;60.14068017
2121;105.7602835
2122;131.1154633
2123;183.9842677
2124;243.4763522
2125;19.75726553
2126;17.09691769
2127;119.7059914
2128;93.44480228
2129;197.4744517
2130;275.3626437
2131;38.46385885
2132;242.9306243
2133;80.67176092
2134;265.9842208
2135;212.8749716
2136;167.2019437
2137;61.23826658
2138;132.0233169
2139;293.0530445
2140;152.4784019
2141;232.9966973
2142;253.9947495
2143;5.382315323
2144;40.17462465
2145;19.79407941
2146;151.7290972
2147;253.2786352
2148;276.3171869
2149;45.02320091
2150;32.60775944
2151;219.2393956
2152;20.97898649
2153;28.5287157
2154;237.2978664
2155;251.5027251
2156;182.7566737
2157;19.39590879
2158;70.87387043
2159;157.5559448
2160;16.16034996
2161;226.1087177
2162;281.3029391
2163;227.9887186
2164;279.299191
2165;208.4767683
2166;294.3213809
2167;14.74888816
2168;121.2337996
2169;74.66513984
2170;110.5970449
2171;51.34046716
2172;155.1616194
2173;66.66082283
2174;136.8446649
2175;270.36997
2176;118.7440833
2177;22.35989757
2178;237.3484083
2179;204.1531272
2180;79.94308127
2181;140.5724463
2182;144.9516578
2183;62.89859668
2184;92.39138123
2185;34.79769663
2186;206.6190208
2187;56.97751421
2188;193.5473188
2189;278.1452957
2190;89.04686427
2191;72.98192728
2192;185.7064263
2193;32.99371036
2194;93.45217678
2195;239.5443331
2196;256.3869829
2197;254.0780035
2198;213.8497013
2199;106.037426
2200;144.2003993
2201;114.532112
2202;184.1094951
2203;254.1517749
2204;53.27806013
2205;203.2804999
2206;130.5978877
2207;64.64383194
2208;46.83880636
2209;253.7627973
2210;29.59477039
2211;38.39507814
2212;280.8129961
2213;123.5201579
2214;150.8065512
2215;21.78225763
2216;286.0425507
2217;90.03073312
2218;248.5457791
2219;161.2727113
2220;120.5429815
2221;96.86483873
2222;51.02606455
2223;39.18119887
2224;290.114557
2225;109.3913936
2226;193.2981341
2227;59.86150113
2228;94.14928468
2229;27.71402088
2230;92.90006917
2231;221.9075644
2232;6.925016621
2233;100.2987897
2234;45.596339
2235;234.5304102
2236;216.0941981
2237;51.91337241
2238;160.4872869
2239;170.1509277
2240;137.4098537
2241;176.1841431
2242;221.2673216
2243;256.0171685
2244;287.8232441
2245;259.2662024
2246;232.124171
2247;159.9087016
2248;137.9981241
2249;268.919015
2250;132.4433896
2251;162.3474993
2252;153.2003299
2253;71.62611223
2254;79.92352777
2255;282.2574802
2256;290.2166083
2257;167.9777676
2258;45.91810137
2259;171.6510105
2260;68.06023599
2261;23.19444255
2262;78.20993349
2263;149.862952
2264;153.5860474
2265;167.9065608
2266;207.030828
2267;231.3275721
2268;289.4820718
2269;145.7691688
2270;157.9392296
2271;93.61018537
2272;107.8493566
2273;223.1197521
2274;13.75673285
2275;278.5939761
2276;179.6202428
2277;173.4378859
2278;77.74762702
2279;100.4383016
2280;48.63244885
2281;259.9716349
2282;208.5949497
2283;116.107083
2284;79.34102267
2285;68.36279828
2286;110.0041419
2287;284.020802
2288;72.95190219
2289;231.171674
2290;78.9251024
2291;270.4543387
2292;37.81203563
2293;116.015239
2294;177.7281493
2295;248.5666653
2296;292.5367815
2297;286.970944
2298;35.33069889
2299;77.22657145
2300;214.1225675
2301;63.33845737
2302;10.26357238
2303;98.36518333
2304;246.0778952
2305;92.71470824
2306;185.2340192
2307;180.9704856
2308;104.2042807
2309;225.2048309
2310;133.7247424
2311;237.0273387
2312;119.7774211
2313;154.115135
2314;181.9900267
2315;55.18371181
2316;281.0247667
2317;167.5538871
2318;268.5825967
2319;122.1682647
2320;120.0993495
2321;275.1606173
2322;214.1876986
2323;28.0296417
2324;179.5773151
2325;55.7058622
2326;103.1498794
2327;66.16407449
2328;57.16781141
2329;16.54291044
2330;169.3623968
2331;258.5268771
2332;275.7309335
2333;257.1985604
2334;207.2481926
2335;187.8888075
2336;243.070089
2337;210.421182
2338;217.3939597
2339;273.4334913
2340;149.82268
2341;109.7616456
2342;100.4691933
2343;6.140652941
2344;142.1727598
2345;75.73432253
2346;148.0630009
2347;173.5408457
2348;212.5520785
2349;47.71141376
2350;34.08037038
2351;231.9040724
2352;106.889458
2353;115.8133347
2354;86.43104415
2355;144.1125724
2356;277.7087797
2357;283.9518427
2358;119.6838428
2359;6.607550303
2360;184.8126069
2361;43.87704629
2362;168.4927971
2363;10.51878784
2364;120.5747683
2365;162.2819289
2366;268.8242106
2367;254.8209469
2368;100.2511703
2369;3.931396765
2370;1.321601458
2371;110.3610057
2372;104.4300506
2373;216.3364217
2374;258.3560628
2375;246.1360667
2376;185.0807171
2377;44.37564058
2378;72.5676395
2379;172.803059
2380;188.4701057
2381;93.32190104
2382;235.5891307
2383;109.8451354
2384;43.35799481
2385;191.9161242
2386;149.0145447
2387;122.0150809
2388;206.1329996
2389;241.7417132
2390;155.0057081
2391;244.6580051
2392;90.74709889
2393;52.08510319
2394;293.8213216
2395;264.2708843
2396;12.02511321
2397;10.92646812
2398;161.6721103
2399;2.813093506
2400;71.62466448
2401;288.0150336
2402;83.01264324
2403;24.27117954
2404;42.7509127
2405;140.6010983
2406;265.8403027
2407;276.4037536
2408;268.3671771
2409;257.8816286
2410;168.3387905
2411;55.09699628
2412;163.5006988
2413;204.0773565
2414;166.833234
2415;36.14365972
2416;118.0771682
2417;211.4962787
2418;17.11683357
2419;67.45307209
2420;116.3981006
2421;82.99376863
2422;202.3914416
2423;19.63313083
2424;232.9674767
2425;36.96034311
2426;136.6896047
2427;18.25944943
2428;207.7238054
2429;53.42922382
2430;160.5078275
2431;2.170543081
2432;228.4791343
2433;208.4079644
2434;165.1104102
2435;217.32736
2436;219.3866908
2437;197.1047485
2438;75.62902184
2439;271.8752715
2440;279.1604721
2441;204.471543
2442;221.4989596
2443;226.5094836
2444;172.146738
2445;229.5509836
2446;288.1309467
2447;95.15394812
2448;252.0255026
2449;148.1759137
2450;126.6045221
2451;219.7081508
2452;14.77249308
2453;152.2274338
2454;110.1679882
2455;222.2333333
2456;40.27252313
2457;101.8936459
2458;60.52303081
2459;248.4076042
2460;92.53696137
2461;71.9476409
2462;227.970889
2463;153.7919479
2464;36.80578714
2465;244.0834338
2466;130.8171695
2467;288.5692027
2468;42.12818501
2469;160.177871
2470;294.6816429
2471;60.26333489
2472;163.051206
2473;139.2688476
2474;233.0631577
2475;35.59591008
2476;46.62876129
2477;124.1548865
2478;63.79578805
2479;266.9483443
2480;39.77148045
2481;225.412815
2482;11.05366645
2483;234.2114192
2484;45.61899672
2485;152.2561172
2486;122.2296097
2487;103.8007634
2488;278.6711932
2489;1.741610191
2490;260.9460802
2491;175.7063953
2492;233.3962134
2493;159.7285379
2494;223.9957527
2495;165.2856722
2496;34.08557462
2497;102.5115671
2498;279.7736437
2499;254.503909
2500;105.0988489
2501;293.1542586
2502;186.5174652
2503;35.01257377
2504;276.7217628
2505;173.7777278
2506;203.8614101
2507;116.9645689
2508;290.1908301
2509;33.22539775
2510;134.8962191
2511;293.5063554
2512;296.9458364
2513;189.9701356
2514;152.0602036
2515;222.4466494
2516;104.488275
2517;90.71613517
2518;101.5050273
2519;12.1046252
2520;160.5638252
2521;26.41273072
2522;289.1982327
2523;111.4431733
2524;279.0448103
2525;266.7866531
2526;240.0594432
2527;212.2618704
2528;106.2357684
2529;164.1050274
2530;103.8962515
2531;244.0777072
2532;33.16893391
2533;124.8103967
2534;68.09438499
2535;11.42250221
2536;129.2842923
2537;127.6452244
2538;94.47688435
2539;220.8854738
2540;166.7242068
2541;200.3551632
2542;153.6317697
2543;235.9922733
2544;214.5809698
2545;66.05270665
2546;160.332909
2547;221.7845339
2548;269.7764571
2549;258.6407833
2550;65.24906648
2551;61.84863952
2552;184.4562198
2553;272.0600434
2554;2.106609758
2555;7.886266805
2556;221.1733665
2557;200.003827
2558;260.5486352
2559;151.7365522
2560;229.1693307
2561;246.6641717
2562;23.9205959
2563;93.7962228
2564;252.4260402
2565;237.8640463
2566;25.13036482
2567;141.1964105
2568;188.2798449
2569;157.0933645
2570;129.2668984
2571;179.5356747
2572;255.2075003
2573;26.40453589
2574;174.7084888
2575;33.04343359
2576;231.2045332
2577;22.86368908
2578;72.80481604
2579;196.3324196
2580;238.5211626
2581;63.86627777
2582;288.2552215
2583;291.9138486
2584;229.6867408
2585;282.5645113
2586;231.6005976
2587;190.7070828
2588;216.259389
2589;137.9030061
2590;150.3449245
2591;77.45842821
2592;76.7825944
2593;177.5164745
2594;119.2342859
2595;98.27456386
2596;271.019816
2597;273.3106244
2598;86.42236772
2599;182.4366238
2600;239.5851297
2601;23.0325238
2602;106.1063763
2603;50.0234143
2604;86.77348735
2605;181.4218065
2606;86.96007678
2607;147.1263919
2608;137.8128328
2609;71.30022792
2610;249.5469844
2611;161.1618002
2612;111.8827068
2613;240.4231917
2614;98.58946201
2615;237.5734494
2616;214.1569316
2617;77.6242888
2618;84.95214506
2619;275.7451504
2620;232.2317515
2621;119.2977956
2622;135.4593376
2623;156.5333442
2624;96.86625469
2625;13.66865285
2626;288.2365496
2627;58.32246701
2628;171.0312758
2629;71.51598238
2630;268.4069694
2631;133.9126496
2632;169.2223021
2633;140.9103144
2634;56.34749333
2635;153.9731859
2636;235.5282522
2637;222.1800929
2638;174.6666517
2639;206.7775415
2640;82.10118057
2641;223.7648021
2642;190.5819912
2643;35.19868853
2644;250.4831534
2645;229.272452
2646;78.19470358
2647;123.473429
2648;7.586662029
2649;191.7388305
2650;42.57642339
2651;237.3886818
2652;44.79388508
2653;185.4160533
2654;11.93981724
2655;114.0308021
2656;162.9563775
2657;246.8016085
2658;3.085548783
2659;238.3356701
2660;288.9094841
2661;116.5865443
2662;70.52448058
2663;252.1510533
2664;54.0948882
2665;125.2778312
2666;151.3679071
2667;259.9650837
2668;19.47538112
2669;271.3900354
2670;288.0417712
2671;26.06155907
2672;249.5687264
2673;84.75981129
2674;75.24103915
2675;263.4141129
2676;141.8626914
2677;198.0654936
2678;20.87450709
2679;212.9058973
2680;182.0331257
2681;69.44828294
2682;36.96354785
2683;64.39004043
2684;193.6398263
2685;262.2680717
2686;274.3026974
2687;34.36564262
2688;267.3828578
2689;116.1714636
2690;165.8016929
2691;89.89633639
2692;158.0790313
2693;26.97375079
2694;234.6758898
2695;165.0022525
2696;138.6171528
2697;104.1610535
2698;98.37584933
2699;284.5814233
2700;194.9905545
2701;79.2445099
2702;269.4168408
2703;130.6553075
2704;84.44272785
2705;171.1168554
2706;161.7834286
2707;36.22563908
2708;69.55631424
2709;1.959007179
2710;299.1307739
2711;275.2683661
2712;102.8911782
2713;37.48220654
2714;16.57201119
2715;144.5014692
2716;74.18584275
2717;10.65318304
2718;126.9280583
2719;123.1451656
2720;108.2090437
2721;187.2572904
2722;102.0455125
2723;23.99088409
2724;295.4867362
2725;81.57617561
2726;228.8735816
2727;61.0629953
2728;146.9213215
2729;20.65123885
2730;60.39039483
2731;98.5076599
2732;245.1680542
2733;137.7334625
2734;99.76504328
2735;7.703221405
2736;211.5372125
2737;267.4230523
2738;54.47848217
2739;254.011257
2740;229.0627694
2741;245.7685786
2742;255.8959554
2743;199.7802439
2744;106.0009251
2745;66.3966506
2746;248.783453
2747;146.1999589
2748;184.837686
2749;164.9964809
2750;188.9327571
2751;182.9477248
2752;238.4692929
2753;19.99434316
2754;257.703959
2755;16.25110869
2756;263.6211952
2757;155.112039
2758;86.76268915
2759;114.8491929
2760;7.770786949
2761;247.2659961
2762;282.6177794
2763;204.8726848
2764;90.21503715
2765;138.1701187
2766;24.92979482
2767;255.2531379
2768;193.4995193
2769;229.6159426
2770;114.6760877
2771;207.195461
2772;46.8780625
2773;298.3722237
2774;106.8841519
2775;299.9455478
2776;203.917107
2777;143.0956665
2778;123.1057042
2779;118.4162955
2780;284.5855067
2781;212.8393181
2782;193.7238018
2783;109.6290182
2784;146.1933084
2785;290.1779819
2786;24.0939262
2787;23.52767675
2788;173.6053214
2789;159.8582487
2790;250.2882021
2791;159.5202685
2792;116.3402762
2793;155.6385418
2794;285.7458256
2795;174.4724454
2796;96.91551318
2797;143.0006511
2798;83.56558574
2799;85.5223837
2800;192.7734629
2801;138.2202857
2802;248.7978665
2803;248.5495161
2804;282.2088346
2805;159.7472068
2806;181.3796777
2807;274.2446679
2808;276.1991426
2809;137.1583738
2810;112.7636937
2811;122.3518376
2812;266.6719848
2813;158.2431072
2814;195.3278749
2815;121.1743498
2816;3.666987419
2817;252.5040028
2818;11.98827381
2819;4.531036969
2820;170.343201
2821;93.22430955
2822;209.669112
2823;107.4820325
2824;258.0104815
2825;87.97839743
2826;244.2757279
2827;233.2848903
2828;140.0412394
2829;21.30464474
2830;277.3543759
2831;73.36766831
2832;37.87051913
2833;223.4763302
2834;80.46348769
2835;69.03028233
2836;221.4249566
2837;29.08534279
2838;215.2717793
2839;238.6680373
2840;72.71031133
2841;220.3252086
2842;3.606464206
2843;192.9587531
2844;97.78448666
2845;51.803837
2846;16.2045173
2847;13.07861103
2848;253.5211663
2849;22.56984826
2850;70.51262949
2851;236.9824129
2852;166.2891034
2853;2.977011972
2854;236.1997291
2855;291.677987
2856;51.11857044
2857;299.1938817
2858;161.3312866
2859;11.73608077
2860;254.1665472
2861;13.94906194
2862;205.8781089
2863;14.08357426
2864;51.59257197
2865;170.9273169
2866;200.6433574
2867;103.935463
2868;221.5435451
2869;232.54837
2870;2.663967786
2871;35.23893288
2872;188.565175
2873;13.00123524
2874;16.16340439
2875;255.1741149
2876;107.3590127
2877;289.7696566
2878;55.24485998
2879;158.8641339
2880;125.9683245
2881;287.0921961
2882;140.9446241
2883;145.2717633
2884;217.5922091
2885;171.9356768
2886;245.2155175
2887;4.068803173
2888;292.1002
2889;227.6330391
2890;229.9794474
2891;177.5476557
2892;249.9598475
2893;200.6486534
2894;39.11623892
2895;75.68140908
2896;209.2371767
2897;162.383985
2898;203.3026259
2899;59.64579395
2900;48.18828909
2901;160.479494
2902;265.8405526
2903;212.7036289
2904;148.0328505
2905;167.4969941
2906;233.3832548
2907;142.8424681
2908;126.8086391
2909;287.0605845
2910;103.2864364
2911;170.0586264
2912;260.9082222
2913;276.6420591
2914;65.95568043
2915;262.1049741
2916;299.5158411
2917;124.4215151
2918;142.418239
2919;39.18863723
2920;128.8918058
2921;186.7113016
2922;46.66502067
2923;45.12432917
2924;205.8706229
2925;17.24911997
2926;117.8079689
2927;52.1715902
2928;154.808761
2929;223.4977047
2930;115.6428501
2931;57.00665127
2932;9.994643513
2933;257.3743579
2934;227.2720735
2935;164.9602355
2936;17.753192
2937;39.21052339
2938;55.50357069
2939;226.0656937
2940;67.81751254
2941;111.3394845
2942;164.6026773
2943;295.9934887
2944;145.4184193
2945;63.74626361
2946;227.0754835
2947;240.3088336
2948;44.62116994
2949;23.27390372
2950;201.1261376
2951;219.3829512
2952;268.8430172
2953;32.20190241
2954;234.3983114
2955;29.47284095
2956;206.4794457
2957;160.9221115
2958;95.72477062
2959;298.5896987
2960;89.6838838
2961;273.5127708
2962;111.5501182
2963;224.4037909
2964;87.64623687
2965;164.2209518
2966;169.3028425
2967;0.558640768
2968;237.8971597
2969;267.5073581
2970;185.2634793
2971;226.5972173
2972;180.1064676
2973;131.2304203
2974;124.1633799
2975;60.52315419
2976;183.4615101
2977;5.006903718
2978;197.7689034
2979;169.7637516
2980;270.0765365
2981;194.5922004
2982;132.6708938
2983;128.7858904
2984;112.3894586
2985;18.98297458
2986;124.6120874
2987;147.1338779
2988;262.3721841
2989;141.1891526
2990;128.6964315
2991;79.06627536
2992;174.5418573
2993;240.1683659
2994;136.9987139
2995;168.4130662
2996;205.9871436
2997;276.0430518
2998;47.54869596
2999;95.12922836
3000;113.4023205
3001;66.72888226
3002;243.6807885
3003;125.0829471
3004;139.8526401
3005;31.24445141
3006;141.0465529
3007;182.7722633
3008;11.16873089
3009;100.400948
3010;192.8278578
3011;4.973566675
3012;240.1984741
3013;157.2129033
3014;51.7746098
3015;119.9341108
3016;100.3104595
3017;132.2465755
3018;176.7205943
3019;71.54482097
3020;6.517783303
3021;47.95291873
3022;196.8809063
3023;119.266223
3024;153.6600926
3025;158.4753706
3026;169.2943627
3027;114.6925576
3028;266.565379
3029;212.0073437
3030;97.13919381
3031;56.30656726
3032;146.5272063
3033;176.6365117
3034;148.6238107
3035;57.07758117
3036;286.4368475
3037;251.8256961
3038;105.6688269
3039;289.3215948
3040;18.33863307
3041;152.0813643
3042;263.8594197
3043;54.33763494
3044;114.3051417
3045;249.4110446
3046;135.282602
3047;273.1661217
3048;89.40717196
3049;234.4239386
3050;143.3576073
3051;2.75363996
3052;205.8937171
3053;140.7997908
3054;53.45634467
3055;264.9058228
3056;134.0974441
3057;210.5488131
3058;64.57752578
3059;299.1499426
3060;77.73528252
3061;258.1149996
3062;293.064933
3063;85.67769938
3064;136.3273754
3065;165.7815497
3066;202.9205718
3067;115.6097562
3068;244.6907291
3069;258.2983392
3070;177.6586379
3071;248.5678166
3072;299.9854723
3073;37.89348077
3074;5.477643314
3075;18.93872049
3076;38.48691116
3077;251.9873677
3078;39.25426014
3079;166.4123
3080;205.5803314
3081;248.4498852
3082;59.92907123
3083;261.6205656
3084;159.3357394
3085;292.4598723
3086;5.840759287
3087;115.4240965
3088;274.8417111
3089;178.1376538
3090;161.0544466
3091;167.65138
3092;180.173276
3093;23.19171407
3094;24.00839556
3095;43.56506347
3096;87.5002892
3097;291.2850477
3098;138.5224022
3099;220.7106572
3100;115.9862024
3101;41.3098503
3102;216.8781531
3103;61.69501363
3104;6.772621519
3105;155.2606241
3106;273.221997
3107;63.28549542
3108;146.4967831
3109;273.3635523
3110;250.1895915
3111;97.1295962
3112;169.1431017
3113;230.9547299
3114;191.1203851
3115;291.8803441
3116;112.9576098
3117;21.4055375
3118;259.3625114
3119;84.45795116
3120;253.6513704
3121;146.4562717
3122;77.37019197
3123;216.0752368
3124;51.72379565
3125;294.6052651
3126;25.42056931
3127;136.8854344
3128;143.9851601
3129;15.01368802
3130;229.7838574
3131;37.6359828
3132;40.54338297
3133;174.2921017
3134;23.9133407
3135;81.47862786
3136;187.0023174
3137;199.5697161
3138;273.9435443
3139;261.922808
3140;86.8018335
3141;56.43303098
3142;73.19912337
3143;169.8237448
3144;188.813829
3145;200.8256851
3146;215.999315
3147;204.0887367
3148;63.41712663
3149;242.143628
3150;285.6334268
3151;226.4172581
3152;298.4802227
3153;200.0802214
3154;14.80415308
3155;32.98097798
3156;298.8357652
3157;140.3637287
3158;191.8006975
3159;194.1967678
3160;20.10458063
3161;160.1510331
3162;190.9943436
3163;52.90917795
3164;136.30899
3165;182.0244978
3166;27.52334916
3167;223.6170974
3168;22.05368223
3169;109.6033635
3170;173.5520281
3171;44.35362764
3172;55.50345352
3173;114.3179822
3174;140.3506493
3175;62.36313364
3176;38.36237335
3177;108.5913981
3178;101.033565
3179;67.86065479
3180;167.3695822
3181;54.2421296
3182;137.4158277
3183;69.05125997
3184;56.08847638
3185;80.85434702
3186;30.55093486
3187;271.1239508
3188;79.61965825
3189;136.9964616
3190;288.8286558
3191;84.39861828
3192;144.8656998
3193;141.2779453
3194;191.4925829
3195;4.247976362
3196;158.4737509
3197;117.1177461
3198;75.67015829
3199;3.86708951
3200;116.8989585
3201;44.59520215
3202;227.9211981
3203;231.0658253
3204;176.1116668
3205;103.2178891
3206;144.6405491
3207;85.78863405
3208;80.217175
3209;165.4221924
3210;45.79462845
3211;58.02567556
3212;273.3193156
3213;220.6739739
3214;207.337275
3215;105.0848383
3216;241.7828354
3217;271.3082967
3218;248.9042909
3219;145.3309141
3220;3.687331701
3221;148.0609304
3222;225.9386329
3223;2.665125824
3224;130.9060372
3225;129.0223582
3226;183.340795
3227;118.4650524
3228;10.23139816
3229;278.1887895
3230;18.32777864
3231;52.82568247
3232;95.90174022
3233;77.35902673
3234;7.589198878
3235;181.5317081
3236;100.6060794
3237;160.2054476
3238;187.5586469
3239;120.5942052
3240;83.44662013
3241;201.6003909
3242;94.58154942
3243;78.16768739
3244;35.61603968
3245;205.9536024
3246;79.0239122
3247;232.0425179
3248;217.0059982
3249;69.74793996
3250;99.96543798
3251;135.1551282
3252;154.1909599
3253;267.8555659
3254;33.97775309
3255;73.207868
3256;38.03232575
3257;127.9353691
3258;161.762289
3259;201.3310135
3260;269.8886255
3261;0.841534724
3262;9.360940022
3263;69.7030003
3264;51.92882688
3265;8.571507149
3266;99.81380176
3267;155.4172957
3268;258.8473472
3269;52.827097
3270;286.2563051
3271;143.1094366
3272;158.2991762
3273;181.0104369
3274;193.6824826
3275;269.5537995
3276;291.4075448
3277;195.7295684
3278;109.7843203
3279;237.5824875
3280;296.4766522
3281;274.6906514
3282;139.5269306
3283;126.2307682
3284;245.8264778
3285;281.1150121
3286;260.9460553
3287;37.77886047
3288;273.948007
3289;92.60559755
3290;296.913503
3291;104.6630831
3292;283.1383796
3293;23.79444449
3294;299.4562265
3295;135.3958903
3296;242.8785386
3297;84.82707931
3298;87.7880342
3299;47.10642162
3300;132.665955
3301;246.8816779
3302;19.20535363
3303;82.14373559
3304;232.0857279
3305;5.028182914
3306;77.96112244
3307;90.06437631
3308;49.1799723
3309;242.1768017
3310;159.913024
3311;232.9403694
3312;129.8392863
3313;147.0869319
3314;235.3239691
3315;289.1238337
3316;193.912753
3317;227.7898924
3318;39.84244261
3319;294.7380848
3320;25.07404212
3321;264.1815861
3322;115.839535
3323;162.1224441
3324;284.0191995
3325;165.5043116
3326;235.7823895
3327;36.57488333
3328;173.9336026
3329;246.0731505
3330;81.73881827
3331;135.4370072
3332;248.1166217
3333;259.0186654
3334;200.4331594
3335;22.76132536
3336;191.0107337
3337;8.544510834
3338;36.42722554
3339;12.64993869
3340;42.19079145
3341;29.213775
3342;210.8625127
3343;71.57620642
3344;194.1498647
3345;91.47223034
3346;29.61951774
3347;82.20378236
3348;262.587412
3349;226.1846725
3350;144.5411578
3351;32.97859926
3352;48.70703674
3353;105.8296056
3354;174.1301716
3355;284.9405214
3356;50.86043963
3357;257.6129623
3358;208.5724419
3359;240.0395423
3360;245.9328292
3361;125.7377276
3362;178.3897588
3363;276.5416011
3364;23.13299917
3365;259.6882032
3366;19.44288818
3367;141.1224289
3368;24.77935549
3369;66.96092477
3370;88.49273112
3371;76.63159125
3372;117.4345371
3373;135.9881171
3374;78.80973808
3375;80.96958367
3376;144.3811142
3377;58.36426312
3378;226.2947522
3379;170.7564115
3380;115.9687917
3381;283.9979294
3382;169.888996
3383;25.64804259
3384;100.2463197
3385;235.0797932
3386;172.9184288
3387;271.2020934
3388;288.8909814
3389;132.2832059
3390;153.8574015
3391;238.1391349
3392;252.2214005
3393;110.5572952
3394;113.1242711
3395;13.87551284
3396;93.2493786
3397;276.7010452
3398;97.4304361
3399;255.0882881
3400;292.9248212
3401;45.63730201
3402;12.33313059
3403;230.7240926
3404;9.514198172
3405;177.9268929
3406;139.9280017
3407;275.8178073
3408;296.274233
3409;41.13374312
3410;185.983201
3411;236.5953252
3412;60.47333734
3413;271.5487955
3414;67.75916189
3415;162.3774364
3416;31.66978335
3417;59.94453843
3418;104.7831249
3419;230.2251674
3420;275.4987267
3421;227.7960533
3422;93.02082068
3423;283.3944722
3424;206.8503522
3425;28.96089782
3426;257.9296702
3427;235.1362395
3428;154.9290393
3429;70.50339038
3430;255.2636668
3431;10.84653035
3432;246.9576504
3433;226.7744467
3434;257.8857198
3435;25.42279909
3436;49.06849569
3437;34.47203403
3438;216.5951885
3439;71.88919104
3440;231.5308053
3441;237.4542638
3442;247.0455109
3443;109.4711208
3444;192.7176485
3445;197.7845667
3446;138.4805328
3447;123.2207241
3448;264.1683606
3449;216.9489356
3450;202.556508
3451;265.4775906
3452;113.0541047
3453;148.612108
3454;145.80241
3455;138.0653759
3456;179.3054919
3457;268.3714
3458;271.3377457
3459;259.5327324
3460;227.5460156
3461;209.1735118
3462;190.4298545
3463;245.9657154
3464;175.3554568
3465;119.0132726
3466;174.20252
3467;163.911743
3468;140.2542416
3469;149.8163118
3470;187.6061767
3471;66.66516291
3472;113.3429121
3473;86.6352994
3474;36.35694038
3475;188.1652535
3476;192.2030965
3477;43.19319368
3478;136.787777
3479;161.4831316
3480;66.17448229
3481;60.23694675
3482;174.066599
3483;132.8979772
3484;237.9334958
3485;223.0297102
3486;125.0087316
3487;193.1255927
3488;59.01136242
3489;156.7756115
3490;0.106379488
3491;160.2462415
3492;17.87476089
3493;30.03999986
3494;236.2788744
3495;282.6404573
3496;9.499141593
3497;177.9980905
3498;102.9894526
3499;223.1042836
3500;111.1105988
3501;120.904206
3502;281.3176996
3503;152.2527662
3504;56.47105641
3505;76.98537237
3506;182.2769478
3507;118.6376007
3508;258.1873052
3509;191.9335543
3510;117.3322196
3511;107.6755477
3512;120.3946016
3513;264.6423004
3514;91.16593332
3515;91.48054781
3516;146.2675825
3517;69.03512252
3518;130.0796435
3519;269.3651765
3520;130.6205335
3521;24.30002574
3522;290.7268756
3523;65.21908188
3524;153.7083581
3525;135.5418757
3526;85.27919685
3527;285.0485352
3528;44.40557573
3529;241.9356349
3530;182.1813903
3531;214.5773465
3532;267.6031577
3533;176.8009151
3534;162.6241031
3535;152.8907465
3536;89.65663837
3537;255.1626344
3538;237.5443469
3539;9.752336874
3540;271.2248217
3541;184.5268056
3542;264.8023181
3543;156.0235121
3544;79.67165122
3545;249.3798844
3546;45.63688601
3547;30.55269664
3548;73.80133007
3549;34.85231697
3550;296.7753163
3551;236.8840747
3552;220.9845507
3553;76.37628734
3554;299.6116676
3555;60.86128981
3556;28.8609306
3557;129.4219658
3558;244.2630476
3559;79.62027054
3560;217.5844896
3561;245.6678873
3562;243.4975767
3563;192.3006977
3564;247.4529864
3565;138.5179057
3566;225.8315819
3567;214.1253765
3568;13.58342035
3569;50.83957001
3570;17.1814436
3571;162.6252201
3572;296.6931135
3573;162.0768928
3574;10.54461168
3575;92.28862922
3576;106.6143831
3577;71.33336766
3578;102.5809193
3579;48.68050944
3580;181.2592147
3581;31.12818362
3582;201.2850047
3583;83.90139711
3584;12.9699091
3585;86.77967753
3586;25.3803223
3587;111.0781074
3588;154.1029171
3589;67.90349638
3590;290.4615571
3591;64.09135532
3592;37.62743508
3593;256.2978739
3594;0.982235984
3595;206.2473403
3596;116.1934136
3597;160.4303967
3598;32.89792509
3599;176.7331129
3600;156.4981509
3601;197.0255562
3602;7.52071342
3603;115.8540358
3604;219.1208528
3605;26.8563785
3606;181.5085624
3607;267.1025382
3608;188.3595614
3609;170.7430034
3610;265.6666101
3611;218.3523044
3612;97.49776824
3613;61.37812708
3614;124.5371943
3615;168.6725954
3616;28.93138042
3617;58.89826014
3618;114.4858203
3619;95.43305927
3620;266.6942587
3621;206.310785
3622;58.36298332
3623;236.5006461
3624;251.5301135
3625;66.66775811
3626;66.4320349
3627;274.3265462
3628;214.6027598
3629;25.27314677
3630;16.62681662
3631;144.9327007
3632;101.0519335
3633;158.1580261
3634;162.5011608
3635;88.02502343
3636;41.18066816
3637;156.2920324
3638;132.3861814
3639;279.1583923
3640;188.4522995
3641;232.3039512
3642;146.2040568
3643;28.18291742
3644;216.2281803
3645;91.32036828
3646;197.8265149
3647;206.6718016
3648;245.1534255
3649;204.8456568
3650;163.9638234
3651;117.0872475
3652;99.06290632
3653;297.2862935
3654;251.0438721
3655;166.2823217
3656;15.90310611
3657;252.9758655
3658;255.4248682
3659;134.606117
3660;58.84046464
3661;175.9190501
3662;26.98485914
3663;8.681152271
3664;257.0400834
3665;220.5875353
3666;189.0841346
3667;6.032077064
3668;138.9660712
3669;234.3864356
3670;95.70513175
3671;286.3138089
3672;116.3438203
3673;54.33541063
3674;201.6017405
3675;227.5421554
3676;161.1373814
3677;204.3179413
3678;221.583847
3679;103.1258698
3680;267.2211495
3681;132.9623917
3682;67.96952899
3683;142.4396279
3684;192.450747
3685;244.2563417
3686;33.47646201
3687;247.5170939
3688;226.5154994
3689;130.4729517
3690;262.7348328
3691;211.1533519
3692;40.80724757
3693;267.471251
3694;241.1777667
3695;136.8942961
3696;26.16919384
3697;62.63216266
3698;198.1777969
3699;52.04726637
3700;298.010761
3701;261.6635929
3702;68.25631199
3703;198.4183514
3704;158.5159639
3705;46.54134755
3706;193.0388527
3707;176.7357592
3708;49.50501561
3709;127.7221064
3710;292.1087149
3711;135.090231
3712;179.4050986
3713;254.2998923
3714;22.70727019
3715;67.2143691
3716;130.1106696
3717;99.20848409
3718;198.7590324
3719;209.2849884
3720;78.46490608
3721;289.4853284
3722;170.9978704
3723;32.63835435
3724;97.98232198
3725;60.24870729
3726;90.55935804
3727;48.78554009
3728;191.9679237
3729;194.5363349
3730;117.0706058
3731;195.4388491
3732;278.7005529
3733;20.67760295
3734;143.4670336
3735;111.5551808
3736;221.9166956
3737;254.8800566
3738;298.200345
3739;122.0695184
3740;167.6805953
3741;87.48664278
3742;273.6487772
3743;242.3134788
3744;107.8274801
3745;131.502943
3746;299.6725633
3747;268.922549
3748;264.3343644
3749;19.2956603
3750;159.2123991
3751;50.2436482
3752;162.5350551
3753;235.9470649
3754;61.01125668
3755;240.127243
3756;222.727122
3757;12.91816023
3758;117.127891
3759;61.15522769
3760;9.845999712
3761;111.2543333
3762;71.53897106
3763;104.8894255
3764;121.9653949
3765;146.1525135
3766;79.83136758
3767;129.7000031
3768;50.15016563
3769;173.2425025
3770;31.40534535
3771;192.7604671
3772;221.0927545
3773;76.75672378
3774;166.8219717
3775;198.6694627
3776;55.21222777
3777;61.31761876
3778;265.4691448
3779;127.0676768
3780;62.89708636
3781;107.9952236
3782;6.858407402
3783;131.6136577
3784;72.15083553
3785;116.386958
3786;16.92855411
3787;60.26683451
3788;209.0958663
3789;167.5591926
3790;76.15460351
3791;172.1263308
3792;207.3891833
3793;111.2729154
3794;44.533581
3795;199.1721542
3796;272.6338392
3797;164.0485532
3798;244.6472877
3799;280.1292412
3800;7.451948785
3801;46.29349526
3802;245.2438369
3803;288.4083483
3804;125.9319255
3805;80.54475527
3806;218.0257549
3807;154.0777852
3808;104.6647946
3809;195.6225042
3810;296.8053333
3811;212.0164072
3812;24.86900919
3813;267.4048416
3814;37.87241596
3815;180.3985953
3816;49.40375453
3817;9.497151664
3818;225.3525795
3819;43.41006768
3820;45.53522313
3821;234.0348089
3822;136.0674891
3823;216.2859554
3824;270.6440273
3825;100.2194872
3826;295.1160307
3827;7.35260963
3828;103.8639002
3829;71.9820892
3830;90.86144115
3831;152.1741355
3832;228.2246879
3833;235.697856
3834;110.1150383
3835;226.9326808
3836;269.8905245
3837;79.90641918
3838;167.0229034
3839;137.7684515
3840;214.5956278
3841;200.646282
3842;247.5531397
3843;43.58182088
3844;189.1756371
3845;16.06946106
3846;293.7132193
3847;209.7752319
3848;174.5954839
3849;247.8408841
3850;224.4224164
3851;11.26334804
3852;244.6369709
3853;169.0772837
3854;170.4006268
3855;45.13567984
3856;101.2777224
3857;91.74578499
3858;240.1236775
3859;77.8129638
3860;33.54423132
3861;64.16526335
3862;19.52824977
3863;139.2679371
3864;81.28869177
3865;181.741608
3866;143.0864619
3867;191.9212079
3868;287.8687478
3869;25.37391466
3870;230.774851
3871;109.7554731
3872;57.3532029
3873;260.1986005
3874;263.7744143
3875;239.4926352
3876;6.978182509
3877;114.6009203
3878;47.15519432
3879;147.071882
3880;183.6497375
3881;43.4456165
3882;111.7846921
3883;237.5546397
3884;204.4004724
3885;25.3436858
3886;298.6690793
3887;40.38465727
3888;149.6121841
3889;204.7622377
3890;19.62435351
3891;86.67252827
3892;219.8355214
3893;186.9558166
3894;224.7761142
3895;27.99805404
3896;80.78052852
3897;149.1848783
3898;65.65451479
3899;270.9044303
3900;215.8581452
3901;226.0744787
3902;43.23532282
3903;116.6015767
3904;147.2370646
3905;232.1668711
3906;144.9335951
3907;197.6519537
3908;121.3448015
3909;54.19475248
3910;80.94084428
3911;158.9418215
3912;265.3019911
3913;157.5649821
3914;80.22742425
3915;216.260593
3916;90.86813359
3917;48.89761657
3918;38.63067176
3919;160.4995677
3920;26.08125581
3921;204.4918085
3922;60.6069314
3923;221.3556282
3924;269.6693092
3925;169.1068861
3926;64.97655297
3927;52.86778316
3928;234.5814646
3929;269.982136
3930;55.67411285
3931;15.94733507
3932;273.4844193
3933;41.3022731
3934;267.3559926
3935;116.8619909
3936;72.25110672
3937;297.3456921
3938;8.193226613
3939;80.26377575
3940;129.9145908
3941;278.0455749
3942;211.7883827
3943;220.5905774
3944;221.05129
3945;210.2612629
3946;76.54520169
3947;247.1676303
3948;147.9245197
3949;16.22621842
3950;65.12511878
3951;10.92435694
3952;119.3373664
3953;163.3414356
3954;89.0230989
3955;127.3328728
3956;162.7094557
3957;296.8768868
3958;263.368227
3959;115.0983136
3960;235.2595971
3961;52.04035319
3962;186.4693639
3963;204.1677352
3964;274.4345052
3965;77.41027824
3966;235.303425
3967;164.420083
3968;296.0523154
3969;82.64994535
3970;231.6399318
3971;116.0010735
3972;66.78863431
3973;163.7630622
3974;160.5837776
3975;127.6735052
3976;97.85797908
3977;236.1677141
3978;249.5747358
3979;98.62198677
3980;26.53394756
3981;100.6592033
3982;183.763877
3983;215.9678978
3984;44.36656861
3985;125.2435091
3986;143.9495757
3987;297.1791516
3988;135.2512019
3989;75.14467094
3990;39.09985722
3991;72.39914336
3992;149.9933359
3993;267.9480453
3994;259.2463398
3995;247.3827006
3996;43.41292958
3997;31.31181496
3998;176.3348796
3999;118.6279975
4000;102.8892802
4001;268.0409641
4002;172.17628
4003;122.2488338
4004;152.8992178
4005;190.2763967
4006;244.4615079
4007;262.5172702
4008;241.2357224
4009;200.4824641
4010;92.70640352
4011;133.3841679
4012;50.3184255
4013;49.70676439
4014;154.6325282
4015;255.7396284
4016;210.2831678
4017;222.1039813
4018;181.0801462
4019;240.6222307
4020;29.32475614
4021;222.9774745
4022;225.4311621
4023;132.9876433
4024;202.3464775
4025;149.7973081
4026;57.00067131
4027;134.2274456
4028;67.62527961
4029;55.81887267
4030;265.9112018
4031;88.34406778
4032;49.46777753
4033;69.55129904
4034;23.7668161
4035;293.7831155
4036;187.5718836
4037;275.144105
4038;268.0361435
4039;209.7419023
4040;125.9765049
4041;233.1710921
4042;220.9846182
4043;31.71402031
4044;253.2618499
4045;166.9866827
4046;190.5909343
4047;119.8983007
4048;209.1879932
4049;141.1764355
4050;163.1416394
4051;61.51331838
4052;148.2100335
4053;247.1421052
4054;158.5898045
4055;75.38529002
4056;250.5272062
4057;128.1110253
4058;222.8448636
4059;22.97106727
4060;93.68171884
4061;87.41940543
4062;122.029607
4063;29.76771872
4064;13.59591045
4065;282.7491641
4066;119.4441946
4067;172.1064114
4068;261.6839602
4069;207.174803
4070;48.79974033
4071;16.09754651
4072;226.2358019
4073;191.35725
4074;54.60637352
4075;291.7009641
4076;257.0114358
4077;243.3434991
4078;246.123879
4079;264.5802388
4080;221.18286
4081;63.46431006
4082;3.222866321
4083;104.8026013
4084;241.0340095
4085;237.8650125
4086;103.9623567
4087;240.6707864
4088;116.0534733
4089;33.16746226
4090;283.6810902
4091;196.9682366
4092;188.6038146
4093;281.7187905
4094;161.1974791
4095;284.3000382
4096;286.5328819
4097;66.80153798
4098;136.1030566
4099;116.5647115
4100;165.7863419
4101;151.7382706
4102;159.1601399
4103;180.7098851
4104;163.873575
4105;7.628367945
4106;114.5479402
4107;83.2140554
4108;53.28332252
4109;252.6836234
4110;285.4456877
4111;94.73063095
4112;174.9467362
4113;245.40014
4114;34.92207275
4115;60.60246858
4116;209.1023241
4117;64.85581509
4118;55.60324358
4119;230.3458209
4120;177.7873713
4121;10.16997317
4122;248.8628482
4123;29.29713703
4124;256.4910536
4125;90.13948262
4126;252.7245451
4127;187.4716924
4128;108.4985349
4129;291.6208208
4130;260.1067194
4131;163.4734673
4132;107.3994506
4133;160.4889305
4134;192.2294007
4135;299.4742195
4136;268.3482239
4137;279.4106879
4138;28.70450704
4139;127.6841221
4140;217.0083468
4141;297.3098769
4142;119.6532362
4143;167.1080615
4144;248.5900599
4145;134.0241038
4146;298.1119629
4147;289.2707827
4148;160.36012
4149;129.9098605
4150;197.1841651
4151;238.5105965
4152;92.49342137
4153;70.45020144
4154;76.43870413
4155;23.21067191
4156;126.4118798
4157;215.3180107
4158;164.4894086
4159;148.5371736
4160;12.72067225
4161;258.4584762
4162;98.23209773
4163;105.686706
4164;131.3180759
4165;60.79234267
4166;126.3965687
4167;30.25918404
4168;278.4008519
4169;74.6976087
4170;213.1519593
4171;160.0214752
4172;212.9854098
4173;21.29303319
4174;253.6494291
4175;260.9501201
4176;46.43427453
4177;223.6248014
4178;99.05905827
4179;114.4329354
4180;183.3634671
4181;162.5232565
4182;157.8131238
4183;27.83669992
4184;0.827942199
4185;266.2845507
4186;69.44262108
4187;107.6538823
4188;274.0384647
4189;12.94184911
4190;69.17701509
4191;264.8877777
4192;185.9409439
4193;10.42055504
4194;24.06700478
4195;277.6591294
4196;116.916612
4197;33.44799229
4198;274.7344513
4199;10.15776929
4200;60.77952648
4201;212.6835987
4202;148.714562
4203;177.2928698
4204;204.4841277
4205;42.89423532
4206;12.8484507
4207;164.5007659
4208;269.1158361
4209;104.3195602
4210;263.7355581
4211;259.7307972
4212;240.5125811
4213;123.5572597
4214;122.942149
4215;190.2781121
4216;229.3224534
4217;203.4492239
4218;293.9357336
4219;215.0848449
4220;249.641034
4221;110.4188048
4222;236.936951
4223;184.6969693
4224;265.7538269
4225;195.188147
4226;105.5421187
4227;35.32101518
4228;175.2005078
4229;262.7952541
4230;140.351546
4231;235.7672262
4232;249.5967381
4233;93.13959296
4234;261.9463998
4235;190.6311448
4236;141.8925348
4237;149.257265
4238;214.1606004
4239;150.4414677
4240;115.2425186
4241;42.1905731
4242;195.3549273
4243;34.08457452
4244;126.9175521
4245;87.0005467
4246;236.1625936
4247;1.175426149
4248;202.7676815
4249;112.4460675
4250;16.31834351
4251;253.6670795
4252;190.2239465
4253;74.56003818
4254;224.3280539
4255;28.43344697
4256;103.4879795
4257;97.00705418
4258;186.4647297
4259;49.49263966
4260;22.96637075
4261;200.9823949
4262;18.7403859
4263;31.61132475
4264;10.85501411
4265;40.61343114
4266;163.9863536
4267;264.5385546
4268;75.80811688
4269;57.09148172
4270;79.97823475
4271;160.2177849
4272;197.5942474
4273;27.36696414
4274;102.862813
4275;299.0421806
4276;197.13954
4277;55.22621765
4278;96.4713786
4279;23.77645827
4280;62.17613483
4281;259.6518499
4282;215.7325161
4283;125.2388105
4284;15.26988999
4285;244.4002552
4286;12.73833171
4287;14.18425361
4288;217.000161
4289;222.7228909
4290;135.3119207
4291;52.41984972
4292;278.3035455
4293;174.5110373
4294;109.7649143
4295;40.80233964
4296;111.235732
4297;11.00738203
4298;246.7988508
4299;269.6445292
4300;285.1185899
4301;223.7385934
4302;259.0247174
4303;179.2400548
4304;95.53072617
4305;196.9478714
4306;103.3722476
4307;39.62851606
4308;134.8839555
4309;223.0015524
4310;23.16382223
4311;118.9450215
4312;219.7192493
4313;72.66856659
4314;17.45069578
4315;279.6719453
4316;268.6486624
4317;196.5012661
4318;65.46654262
4319;110.3349572
4320;159.2907416
4321;187.1385115
4322;167.7347056
4323;54.28141313
4324;64.13545631
4325;246.2889222
4326;64.2705519
4327;102.1863472
4328;23.3006676
4329;259.5314119
4330;205.678264
4331;182.7867866
4332;255.389612
4333;164.1028403
4334;203.9194426
4335;18.00711682
4336;137.0769406
4337;30.24532805
4338;174.7610006
4339;82.15377847
4340;176.2986475
4341;86.2756055
4342;295.5482423
4343;121.5477927
4344;92.76134992
4345;249.1170454
4346;269.7399699
4347;146.3702895
4348;75.46719838
4349;87.0866185
4350;40.53590012
4351;95.92622912
4352;60.47897749
4353;70.52882232
4354;178.275985
4355;50.86728212
4356;257.7863815
4357;280.8080804
4358;186.2836961
4359;223.8139842
4360;216.8275543
4361;207.8371821
4362;12.36549766
4363;204.874313
4364;190.9811376
4365;176.4478201
4366;281.9273558
4367;267.4502766
4368;120.3599835
4369;251.2562989
4370;88.95926153
4371;153.8003045
4372;61.6355412
4373;136.8308956
4374;225.8217721
4375;160.0017419
4376;105.7982641
4377;293.5021497
4378;142.1962704
4379;251.4505593
4380;55.93532487
4381;93.29236862
4382;240.5499275
4383;67.5746927
4384;9.800347835
4385;93.86267343
4386;155.0016551
4387;151.7884437
4388;7.324849522
4389;190.4811968
4390;185.5386897
4391;81.89970365
4392;274.019123
4393;72.13647466
4394;67.45343443
4395;286.2616053
4396;61.98255031
4397;48.06669667
4398;124.7300315
4399;69.11214832
4400;97.11298942
4401;221.7137541
4402;58.69922245
4403;100.915405
4404;95.98905914
4405;81.34162271
4406;121.8177579
4407;16.01949687
4408;136.4061935
4409;296.8779782
4410;222.3379779
4411;8.806463395
4412;268.7896535
4413;49.86105087
4414;268.5851476
4415;22.68433563
4416;281.1040514
4417;121.093534
4418;28.5247473
4419;170.2977957
4420;45.98335043
4421;185.445612
4422;42.61384102
4423;231.3035329
4424;224.5294176
4425;167.4634496
4426;234.1983073
4427;126.5376126
4428;71.14644248
4429;196.5049461
4430;45.5695152
4431;98.99699781
4432;15.00357735
4433;283.530583
4434;251.410972
4435;119.9443045
4436;97.13934044
4437;66.00743436
4438;194.5705341
4439;251.0205577
4440;44.88101459
4441;106.2687842
4442;141.070424
4443;165.5704164
4444;86.89703181
4445;178.253908
4446;216.3499324
4447;243.9411562
4448;78.60291991
4449;158.340668
4450;42.6357811
4451;291.1982182
4452;240.7156421
4453;287.6003604
4454;3.161650812
4455;104.5095017
4456;125.2038885
4457;243.064921
4458;13.4034733
4459;154.9458495
4460;35.69136143
4461;138.7662269
4462;188.5452453
4463;32.39762181
4464;150.7493531
4465;205.9183781
4466;161.1175036
4467;88.36089031
4468;196.3710897
4469;176.1410839
4470;244.4529757
4471;121.7239919
4472;290.8588624
4473;2.993787587
4474;6.351425195
4475;211.4611389
4476;270.1816099
4477;259.9778271
4478;13.12619513
4479;281.6024751
4480;62.2150147
4481;16.5737869
4482;275.7089613
4483;174.3661801
4484;182.5849371
4485;88.17070751
4486;288.9749105
4487;113.3350734
4488;261.3018639
4489;198.0635511
4490;92.48764037
4491;256.7382349
4492;249.6732518
4493;291.2869627
4494;199.7994875
4495;63.89710536
4496;276.383749
4497;192.5576533
4498;25.68763011
4499;136.7142552
4500;100.5295944
4501;103.2854721
4502;224.3184536
4503;43.93832827
4504;178.7195497
4505;183.705381
4506;220.6120498
4507;117.4197981
4508;194.8399457
4509;173.5510389
4510;91.19012588
4511;55.38220689
4512;151.830502
4513;200.0509292
4514;224.6518493
4515;207.2032153
4516;51.30087598
4517;252.4407738
4518;24.93407772
4519;227.4197253
4520;146.35867
4521;11.67183166
4522;205.6808433
4523;267.7132878
4524;20.37578051
4525;3.404207994
4526;140.4965692
4527;50.65802478
4528;261.0152328
4529;227.8216553
4530;114.5335307
4531;175.7981929
4532;57.18282876
4533;262.816267
4534;112.5848392
4535;269.7757635
4536;207.4343409
4537;168.651313
4538;188.7133378
4539;250.6850286
4540;139.0495656
4541;240.6152512
4542;175.5605692
4543;259.5011926
4544;121.2834283
4545;71.84900147
4546;275.3005924
4547;18.82123887
4548;178.0897199
4549;87.33688942
4550;263.0936624
4551;214.8778378
4552;135.2253002
4553;17.89046741
4554;226.5853858
4555;43.4796463
4556;171.5740698
4557;159.5750818
4558;204.5606379
4559;174.0919863
4560;33.56976782
4561;194.8151719
4562;229.7961484
4563;222.6421195
4564;275.3652226
4565;268.5047774
4566;212.5521572
4567;203.9777083
4568;159.2607525
4569;114.8154241
4570;212.1489194
4571;167.2446172
4572;283.6428367
4573;156.3466331
4574;151.4270331
4575;231.040976
4576;226.5812146
4577;219.2037725
4578;163.0994582
4579;31.39642351
4580;51.21438032
4581;36.17274062
4582;137.2369566
4583;6.161600358
4584;282.6354371
4585;284.9139773
4586;41.29672973
4587;237.7931575
4588;235.942155
4589;14.37014646
4590;164.290097
4591;276.6350839
4592;258.085263
4593;98.85035771
4594;46.6432248
4595;6.110999884
4596;247.3096569
4597;170.6480819
4598;38.56789628
4599;240.9787014
4600;28.59389716
4601;146.1424526
4602;32.36689326
4603;4.358674004
4604;88.29732122
4605;87.70920938
4606;25.86809775
4607;166.7415196
4608;253.5629254
4609;77.592662
4610;189.4240188
4611;214.0839914
4612;109.7774253
4613;230.6727985
4614;51.54011885
4615;148.4362435
4616;29.87592516
4617;191.0202039
4618;120.3592701
4619;243.2886173
4620;225.6211411
4621;238.5277597
4622;99.92432545
4623;4.451817194
4624;252.6549552
4625;289.9493105
4626;240.25039
4627;282.4562436
4628;168.74778
4629;102.0789344
4630;97.31872667
4631;35.56153583
4632;168.9221456
4633;294.5326349
4634;283.3012103
4635;244.2598125
4636;44.77447505
4637;38.76661087
4638;264.7533347
4639;136.9629346
4640;65.54956096
4641;48.46000784
4642;72.76952456
4643;82.23430227
4644;244.6608187
4645;278.4663939
4646;258.0395733
4647;219.0452775
4648;115.0207405
4649;89.02384223
4650;50.42365048
4651;175.2377036
4652;135.4627468
4653;152.4120971
4654;71.43232101
4655;254.7595758
4656;188.6905178
4657;149.7223124
4658;196.7378595
4659;210.2281313
4660;149.7074898
4661;37.52689329
4662;96.09334955
4663;141.8886656
4664;178.5909217
4665;215.5755605
4666;278.9894291
4667;112.250635
4668;159.2021671
4669;147.7997987
4670;17.23870373
4671;30.42960613
4672;144.7183283
4673;94.10988372
4674;18.27670854
4675;210.9966109
4676;81.57859097
4677;207.2588291
4678;148.8252998
4679;177.455429
4680;140.1640527
4681;282.1055449
4682;23.1493309
4683;159.5131842
4684;262.0282047
4685;223.2442366
4686;173.3854615
4687;227.7443218
4688;221.7702864
4689;163.6899432
4690;230.8968261
4691;294.9102214
4692;18.00927776
4693;210.4822699
4694;107.3953952
4695;184.2601731
4696;55.78072503
4697;121.6337335
4698;84.96359616
4699;49.64785747
4700;273.7167567
4701;134.0090933
4702;188.9252981
4703;220.9176271
4704;144.2843231
4705;42.51649273
4706;58.76426575
4707;123.7311917
4708;94.3726563
4709;211.0606039
4710;117.2739046
4711;1.609752661
4712;177.6832082
4713;45.85617618
4714;178.3656625
4715;273.510221
4716;180.3276511
4717;53.8008955
4718;236.0341015
4719;201.6899645
4720;232.6531654
4721;17.67269032
4722;201.41639
4723;287.4389232
4724;270.8316252
4725;161.3758954
4726;159.7777209
4727;122.5691008
4728;283.7296907
4729;45.04038062
4730;86.98702768
4731;218.9980742
4732;107.3920712
4733;230.1101804
4734;87.79995808
4735;265.7072421
4736;41.98196192
4737;58.79671812
4738;94.11128367
4739;287.7466467
4740;165.0313896
4741;192.4250462
4742;145.7002824
4743;136.474184
4744;69.2104724
4745;298.9159906
4746;294.1060458
4747;252.2482054
4748;224.812074
4749;282.1057733
4750;128.6859253
4751;135.3973609
4752;70.89854013
4753;52.07182274
4754;254.5111316
4755;164.9157824
4756;132.3358874
4757;91.81086195
4758;132.6976545
4759;175.8939724
4760;270.8175454
4761;6.574397982
4762;227.6428642
4763;159.9656876
4764;156.8719273
4765;195.4517308
4766;95.45118376
4767;211.4603563
4768;94.66308704
4769;78.06882657
4770;176.3788258
4771;126.7781151
4772;49.91414175
4773;31.70748391
4774;133.3460152
4775;50.80808723
4776;266.2238881
4777;284.0239352
4778;298.51618
4779;241.378996
4780;154.4659446
4781;226.1920691
4782;65.98125866
4783;204.6175593
4784;85.28995681
4785;234.57377
4786;234.6206052
4787;63.64909293
4788;287.9427754
4789;111.7109976
4790;222.9116022
4791;201.9210361
4792;265.0339164
4793;293.3834974
4794;204.0464376
4795;294.824541
4796;204.0004606
4797;7.92936954
4798;269.014641
4799;26.96204098
4800;8.704469199
4801;200.6604955
4802;67.66849871
4803;206.0148582
4804;253.6035532
4805;113.943932
4806;68.4867515
4807;73.86255455
4808;110.7057211
4809;226.1899733
4810;231.1225551
4811;248.7429234
4812;170.0791058
4813;129.7739902
4814;59.49004263
4815;232.4115026
4816;28.71025876
4817;104.8759394
4818;202.5333881
4819;139.135674
4820;270.7874793
4821;19.19014636
4822;187.4451253
4823;212.1101366
4824;288.0472358
4825;188.6920146
4826;121.2432051
4827;20.56755315
4828;210.7316474
4829;125.5411821
4830;210.5141761
4831;12.40253227
4832;190.6062609
4833;204.1634681
4834;187.0421179
4835;65.62676654
4836;200.8817306
4837;18.99343957
4838;129.3721804
4839;67.36839823
4840;143.645776
4841;168.387144
4842;40.13603389
4843;180.5029996
4844;266.3114716
4845;182.3407682
4846;43.79849172
4847;220.7640313
4848;274.5707389
4849;168.7249764
4850;29.06409425
4851;116.9406196
4852;99.188991
4853;156.3667941
4854;281.1517371
4855;297.9190465
4856;262.0676977
4857;254.780715
4858;127.3979528
4859;33.2126417
4860;198.9510981
4861;256.3616883
4862;41.39498289
4863;126.3019633
4864;290.8146972
4865;87.34573823
4866;243.209499
4867;233.2270628
4868;89.1845712
4869;62.51442221
4870;236.3802426
4871;2.477439712
4872;261.9626586
4873;112.7687731
4874;51.44611646
4875;206.797128
4876;48.97508074
4877;186.0999599
4878;210.7431031
4879;137.9256645
4880;175.897456
4881;238.4859303
4882;63.08805582
4883;268.9752103
4884;265.0371201
4885;175.6567761
4886;115.2979571
4887;211.5754007
4888;106.3690415
4889;295.4379083
4890;265.6710722
4891;171.1200321
4892;182.0833205
4893;125.5934315
4894;255.501087
4895;122.4465186
4896;191.6803467
4897;127.7922285
4898;228.8716655
4899;27.69610846
4900;171.8601179
4901;80.12598845
4902;298.9073462
4903;266.783314
4904;287.0000288
4905;176.2909274
4906;1.783019817
4907;88.31350124
4908;22.31986493
4909;299.877489
4910;160.3805194
4911;268.0256152
4912;32.66060701
4913;210.4675494
4914;91.08006463
4915;288.4998907
4916;14.67965922
4917;209.0228644
4918;257.7402496
4919;67.19182338
4920;134.5448284
4921;114.3596912
4922;47.3197378
4923;157.1589914
4924;23.34203366
4925;59.31805853
4926;95.53949038
4927;11.08305501
4928;286.2335723
4929;198.7231007
4930;223.8689998
4931;186.4520606
4932;62.80149966
4933;58.5176062
4934;221.559314
4935;269.0507254
4936;119.6501969
4937;264.7265039
4938;36.24272506
4939;246.723622
4940;16.23735266
4941;205.9732811
4942;288.0402668
4943;94.86295432
4944;8.902708367
4945;113.435949
4946;295.7543656
4947;293.0459997
4948;35.71760127
4949;43.06552432
4950;209.1347923
4951;200.4773715
4952;169.2551913
4953;189.2723424
4954;135.7651034
4955;18.02537214
4956;166.9344668
4957;231.5703751
4958;135.971903
4959;172.8181144
4960;17.81086158
4961;61.48897998
4962;270.2351529
4963;205.7526123
4964;259.1779558
4965;131.5567898
4966;74.67573983
4967;50.60985771
4968;179.7676599
4969;184.4318222
4970;146.6887868
4971;278.5043093
4972;126.673503
4973;10.42459329
4974;212.7831191
4975;140.1703787
4976;109.7916951
4977;40.99606439
4978;115.1206132
4979;32.03095178
4980;164.2519861
4981;224.9667902
4982;43.3758538
4983;264.4529598
4984;119.4262479
4985;272.5458824
4986;254.8148748
4987;107.0120513
4988;17.53058053
4989;250.5637583
4990;112.7168971
4991;259.0366509
4992;50.93032053
4993;254.2803327
4994;204.2156985
4995;296.9395793
4996;9.011665323
4997;247.3282318
4998;238.1037141
4999;243.622929
5000;13.83951571